definition,word,block,modality
A portable shadow box,SUITCASE,1,visual
A silent drummer,HEART,1,visual
A spoon with ambition,SHOVEL,1,visual
A metal tongue for guitars,PICK,1,visual
A glass slipper for drinks,CUP,1,visual
A glass drum,BOWL,1,visual
A house for wheels,PARKINGLOT,1,visual
A glass stomach for flowers,VASE,1,visual
A pocket refrigerator,COOLER,1,visual
A rainbow bridge for cars,OVERPASS,1,visual
A bread pillow,LOAF,1,visual
A sleepy trumpet,HORN,1,visual
A wooden toothpick for giants,LOG,1,visual
A portable sunshade,VISOR,1,visual
A wooden river,PLANK,1,visual
A pocket thunderbolt,BATTERY,1,visual
A portable mountain,BACKPACK,1,visual
A metal river snake,PIPE,1,visual
A pocket mirror for spies,COMPACT,2,auditory
A paper forest,NEWSPAPER,2,auditory
A polite skeleton for tents,POLE,2,auditory
A metal umbrella for wheels,HUBCAP,2,auditory
A wall that moves,CURTAIN,2,auditory
A pocket library,DIARY,2,auditory
A silent fireworks show,STARS,2,auditory
A rock that floats,PUMICE,2,auditory
A metal rainbow,BRIDGE,2,auditory
A sky anchor,HELICOPTER,2,auditory
A snowman's spare nose,CARROT,2,auditory
A cloud on a stick,COTTONCANDY,2,auditory
A metal tree with traffic fruit,TRAFFICLIGHT,2,auditory
A flying door,WINDOW,2,auditory
A pocket sun,FLASHLIGHT,2,auditory
A portable thundercloud,DRUM,2,auditory
A sleepy mountain,VOLCANO,2,auditory
A metal spider for paper,STAPLER,2,auditory
A polite thunderbolt,FLASH,3,visual
A glass shoe for science,BEAKER,3,visual
A paper boat for money,WALLET,3,visual
A frozen river bridge,ICEBRIDGE,3,visual
A metal sunflower seed,NUT,3,visual
A sleepy ladder,STAIRS,3,visual
A sleepy paintbrush,MOP,3,visual
A wall with lungs,WINDOWSCREEN,3,visual
A pocket blizzard,TISSUE,3,visual
A book for recipes,COOKBOOK,3,visual
A sleepless neighborhood rooster,SIREN,3,visual
A polite mirror for time,WATCH,3,visual
A rock pillow,BOULDER,3,visual
A glass ladder for drinking,STRAW,3,visual
A polite cage for books,BOOKCASE,3,visual
A striped escape artist,ZEBRA,3,visual
A portable shadow maker,UMBRELLA,3,visual
A sleepy computer,SERVER,3,visual
A book with teeth,ZIPPER,4,auditory
A sky leash,KITE,4,auditory
A metal pillow for ships,DOCK,4,auditory
A metal butterfly,CLIP,4,auditory
A polite prison for tea,TEAPOT,4,auditory
A paper road,MAP,4,auditory
A pocket desert,SAND,4,auditory
A portable cave,BOX,4,auditory
A pocket rainbow,CRAYON,4,auditory
A polite cage for hands,GLOVE,4,auditory
A pocket tornado,FAN,4,auditory
A sun-powered eye,SOLARPANEL,4,auditory
A paper airplane graveyard,TRASHCAN,4,auditory
A glass pillow,LENS,4,auditory
A polite cage for light,LAMPSHADE,4,auditory
A sleepy spotlight,MOON,4,auditory
A rainproof shell on legs,TURTLE,4,auditory
A metal shoebox for wheels,GARAGE,4,auditory
