definition,word,old_new,correct_old_new,thisN,thisTrialN,thisRepN,typed_response.text,recall_submit.keys,recall_submit.rt,recall_submit.duration,recog_key.keys,recog_key.rt,recog_key.duration,source_key.keys,rk_response.keys,source_key.rt,source_key.duration,rk_response.rt,rk_response.duration,trials_retrieval.thisRepN,trials_retrieval.thisTrialN,trials_retrieval.thisN,trials_retrieval.thisIndex,thisRow.t,notes,instructions.started,text.started,key_resp.started,instructions.stopped,key_resp.keys,key_resp.rt,key_resp.duration,cued_recall.started,recall_prompt.started,typed_response.started,recall_submit.started,cued_recall.stopped,trials_retrieval.typed_response.text,trials_retrieval.recall_submit.keys,trials_retrieval.recall_submit.rt,trials_retrieval.recall_submit.duration,recognition.started,recog_prompt.started,recog_key.started,recognition.stopped,trials_retrieval.recog_key.keys,trials_retrieval.recog_key.rt,trials_retrieval.recog_key.duration,source_memory.started,source_memory.stopped,trials_retrieval.source_key.keys,rem_know.started,rem_know.stopped,trials_retrieval.rk_response.keys,source_prompt.started,source_key.started,trials_retrieval.source_key.rt,trials_retrieval.source_key.duration,rk_prompt.started,rk_response.started,trials_retrieval.rk_response.rt,trials_retrieval.rk_response.duration,participant,session,date,expName,expVersion,psychopyVersion,frameRate,expStart,
,,,,,,,,,,,,,,,,,,,,,,,,,,0.0017888000002130866,0.003918899921700358,0.003918899921700358,15.04962959990371,space,15.034907300025225,None,,,,,,,,,,,,,,,,,,,,,,,,,,,,,,,ttt,retrieval_30min,2026-03-23_23h00.04.384,retrieval_30min,,2025.1.1,99.84514019397756,2026-03-23 23h00.17.313047 +0530,
A sleeping volcano,HILL,new,no,0,0,0," mountain
",return,14.830188699997962,None,n,3.5470363000640646,None,None,None,,,,,0,0,0,29,15.06193580001127,,,,,,,,,15.059865699964575,15.552291699917987,15.552291699917987,15.552291699917987,30.391835999907926," mountain
",return,14.830188699997962,None,30.39634859992657,30.891682400018908,30.891682400018908,34.44182670000009,n,3.5470363000640646,None,34.44193979992997,34.442212399910204,None,34.44226759998128,34.44230959995184,None,,,,,,,,,ttt,retrieval_30min,2026-03-23_23h00.04.384,retrieval_30min,,2025.1.1,99.84514019397756,2026-03-23 23h00.17.313047 +0530,
A spinning umbrella,PROPELLER,new,no,1,1,0,turbine,return,11.993607899989001,None,y,1.2632641999516636,None,v,2,9.589198799920268,None,4.71520460001193,None,0,1,1,64,34.450762799941,,,,,,,,,34.44725759990979,34.94130830001086,34.94130830001086,34.94130830001086,46.9398067999864,turbine,return,11.993607899989001,None,46.94332129997201,47.43946089991368,47.43946089991368,48.71003999991808,y,1.2632641999516636,None,48.71018379996531,58.81063229998108,v,58.81072999991011,64.02808530000038,2,49.20937289996073,49.20937289996073,9.589198799920268,None,59.308099799905904,59.308099799905904,4.71520460001193,None,ttt,retrieval_30min,2026-03-23_23h00.04.384,retrieval_30min,,2025.1.1,99.84514019397756,2026-03-23 23h00.17.313047 +0530,
A chair for babies,HIGHCHAIR,new,no,2,2,0,"cradle
",return,9.351193599984981,None,n,1.5725009000161663,None,None,None,,,,,0,2,2,54,64.03999019996263,,,,,,,,,64.03481089998968,64.52726369991433,64.52726369991433,64.52726369991433,73.8863357999362,"cradle
",return,9.351193599984981,None,73.89037959999405,74.38619959994685,74.38619959994685,75.96643989998847,n,1.5725009000161663,None,75.96654349996243,75.96658689994365,None,75.96663039992563,75.96666519995779,None,,,,,,,,,ttt,retrieval_30min,2026-03-23_23h00.04.384,retrieval_30min,,2025.1.1,99.84514019397756,2026-03-23 23h00.17.313047 +0530,
A metal umbrella for wheels,HUBCAP,old,yes,3,3,0,,,,,,,,,,,,,,0,3,3,3,75.97576519998256,,,,,,,,,75.9716405000072,76.46568209992256,76.46568209992256,76.46568209992256,,,,,,,,,,,,,,,,,,,,,,,,,,,,,,,,,,,
