definition,word,block,modality,thisN,thisTrialN,thisRepN,rating_response.keys,rating_response.rt,rating_response.duration,break_resp.keys,break_resp.rt,break_resp.duration,trials.thisRepN,trials.thisTrialN,trials.thisN,trials.thisIndex,thisRow.t,notes,Instruction.started,instr_text.started,instr_resp.started,Instruction.stopped,instr_resp.keys,instr_resp.rt,instr_resp.duration,trial.started,visual_stimulus.started,auditory_icon.started,audio_stim.started,visual_stimulus.stopped,auditory_icon.stopped,audio_stim.stopped,rating_response.started,rating_prompt.started,trial.stopped,trials.rating_response.keys,trials.rating_response.rt,trials.rating_response.duration,Break.started,Break.stopped,trials.break_resp.keys,break_text.started,break_resp.started,trials.break_resp.rt,trials.break_resp.duration,End.started,end_text.started,end_key.started,End.stopped,end_key.keys,end_key.rt,end_key.duration,participant,session,date,expName,expVersion,psychopyVersion,frameRate,expStart,
,,,,,,,,,,,,,,,,,,,0.0018845000304281712,0.004188199993222952,0.004188199993222952,4.399474999983795,space,4.388118500006385,None,,,,,,,,,,,,,,,,,,,,,,,,,,,,tttt,encoding,2026-03-23_21h03.53.493,encoding_phase,,2025.1.1,99.99880002854516,2026-03-23 21h03.57.935096 +0530,
A portable shadow box,SUITCASE,1,visual,0,0,0,4,6.87403920001816,None,None,,,0,0,0,0,4.412350200000219,,,,,,,,,4.410708499955945,4.893780400045216,4.893780400045216,4.900454566643263,9.90191410004627,9.90191410004627,9.90191410004627,9.90191410004627,9.90191410004627,16.78264989994932,4,6.87403920001816,None,16.782737700035796,16.78277159994468,None,,,,,,,,,,,,tttt,encoding,2026-03-23_21h03.53.493,encoding_phase,,2025.1.1,99.99880002854516,2026-03-23 21h03.57.935096 +0530,
A silent drummer,HEART,1,visual,1,1,0,3,1.9182684000115842,None,None,,,0,1,1,1,16.792065599933267,,,,,,,,,16.79033809993416,17.28227089997381,17.28227089997381,17.288901266704002,22.289496100042015,22.289496100042015,22.289496100042015,22.289496100042015,22.289496100042015,24.211849199957214,3,1.9182684000115842,None,24.2119173000101,24.21194079995621,None,,,,,,,,,,,,tttt,encoding,2026-03-23_21h03.53.493,encoding_phase,,2025.1.1,99.99880002854516,2026-03-23 21h03.57.935096 +0530,
A spoon with ambition,SHOVEL,1,visual,2,2,0,2,1.9196223999606445,None,None,,,0,2,2,2,24.225074899964966,,,,,,,,,24.223276400007308,24.71156670001801,24.71156670001801,24.71809466666697,29.72066560003441,29.72066560003441,29.72066560003441,29.72066560003441,29.72066560003441,31.651309399981983,2,1.9196223999606445,None,31.65143570001237,31.651485900045373,None,,,,,,,,,,,,tttt,encoding,2026-03-23_21h03.53.493,encoding_phase,,2025.1.1,99.99880002854516,2026-03-23 21h03.57.935096 +0530,
A metal tongue for guitars,PICK,1,visual,3,3,0,4,1.3264045000541955,None,None,,,0,3,3,3,31.66409350000322,,,,,,,,,31.662613500026055,32.15062289999332,32.15062289999332,32.15718466666682,37.15402419993188,37.15402419993188,37.15402419993188,37.15402419993188,37.15402419993188,38.4904397999635,4,1.3264045000541955,None,38.49055939994287,38.490606599953026,None,,,,,,,,,,,,tttt,encoding,2026-03-23_21h03.53.493,encoding_phase,,2025.1.1,99.99880002854516,2026-03-23 21h03.57.935096 +0530,
A glass slipper for drinks,CUP,1,visual,4,4,0,2,1.2555119000608101,None,None,,,0,4,4,4,38.50271160004195,,,,,,,,,38.50117509998381,38.98956889996771,38.98956889996771,38.996126366608465,43.99290710000787,43.99290710000787,43.99290710000787,43.99290710000787,43.99290710000787,45.2594315999886,2,1.2555119000608101,None,45.25950909999665,45.2595368999755,None,,,,,,,,,,,,tttt,encoding,2026-03-23_21h03.53.493,encoding_phase,,2025.1.1,99.99880002854516,2026-03-23 21h03.57.935096 +0530,
A glass drum,BOWL,1,visual,5,5,0,4,1.4037755000172183,None,None,,,0,5,5,5,45.27113290003035,,,,,,,,,45.26983649993781,45.75876390002668,45.75876390002668,45.76534126670255,50.76492450002115,50.76492450002115,50.76492450002115,50.76492450002115,50.76492450002115,52.17838880000636,4,1.4037755000172183,None,52.178536999970675,52.17858419998083,None,,,,,,,,,,,,tttt,encoding,2026-03-23_21h03.53.493,encoding_phase,,2025.1.1,99.99880002854516,2026-03-23 21h03.57.935096 +0530,
A house for wheels,PARKINGLOT,1,visual,6,6,0,4,1.406691399984993,None,None,,,0,6,6,6,52.190717899939045,,,,,,,,,52.18926240003202,52.67780850001145,52.67780850001145,52.6845072666804,57.68137709994335,57.68137709994335,57.68137709994335,57.68137709994335,57.68137709994335,59.097511400002986,4,1.406691399984993,None,59.09764609998092,59.09769119997509,None,,,,,,,,,,,,tttt,encoding,2026-03-23_21h03.53.493,encoding_phase,,2025.1.1,99.99880002854516,2026-03-23 21h03.57.935096 +0530,
A glass stomach for flowers,VASE,1,visual,7,7,0,1,0.6055653999792412,None,None,,,0,7,7,7,59.10850530001335,,,,,,,,,59.107082600006834,59.596991099999286,59.596991099999286,59.60351386660865,64.60265170002822,64.60265170002822,64.60265170002822,64.60265170002822,64.60265170002822,65.216814699932,1,0.6055653999792412,None,65.21693899994716,65.21698489994742,None,,,,,,,,,,,,tttt,encoding,2026-03-23_21h03.53.493,encoding_phase,,2025.1.1,99.99880002854516,2026-03-23 21h03.57.935096 +0530,
A pocket refrigerator,COOLER,1,visual,8,8,0,3,0.4802740999730304,None,None,,,0,8,8,8,65.22960960003547,,,,,,,,,65.22788190003484,65.716271399986,65.716271399986,65.72277846670865,70.71983590000309,70.71983590000309,70.71983590000309,70.71983590000309,70.71983590000309,71.20601900003385,3,0.4802740999730304,None,71.20615849993192,71.20620699995197,None,,,,,,,,,,,,tttt,encoding,2026-03-23_21h03.53.493,encoding_phase,,2025.1.1,99.99880002854516,2026-03-23 21h03.57.935096 +0530,
A rainbow bridge for cars,OVERPASS,1,visual,9,9,0,3,0.6702996999956667,None,None,,,0,9,9,9,71.21957319998182,,,,,,,,,71.21780550002586,71.70542230003048,71.70542230003048,71.71205596666938,76.71419580001384,76.71419580001384,76.71419580001384,76.71419580001384,76.71419580001384,77.39533430000301,3,0.6702996999956667,None,77.39545169996563,77.39549659995828,None,,,,,,,,,,,,tttt,encoding,2026-03-23_21h03.53.493,encoding_phase,,2025.1.1,99.99880002854516,2026-03-23 21h03.57.935096 +0530,
A bread pillow,LOAF,1,visual,10,10,0,3,0.9044479000149295,None,None,,,0,10,10,10,77.40724700002465,,,,,,,,,77.40580299997237,77.89458510000259,77.89458510000259,77.90122546669251,82.90370849997271,82.90370849997271,82.90370849997271,82.90370849997271,82.90370849997271,83.81458050000947,3,0.9044479000149295,None,83.81469130003825,83.81473440001719,None,,,,,,,,,,,,tttt,encoding,2026-03-23_21h03.53.493,encoding_phase,,2025.1.1,99.99880002854516,2026-03-23 21h03.57.935096 +0530,
A sleepy trumpet,HORN,1,visual,11,11,0,3,0.968412599992007,None,None,,,0,11,11,11,83.825519099948,,,,,,,,,83.82393399998546,84.31378540000878,84.31378540000878,84.32030706660977,89.31957519997377,89.31957519997377,89.31957519997377,89.31957519997377,89.31957519997377,90.29356010002084,3,0.968412599992007,None,90.29366339999251,90.29370449995622,None,,,,,,,,,,,,tttt,encoding,2026-03-23_21h03.53.493,encoding_phase,,2025.1.1,99.99880002854516,2026-03-23 21h03.57.935096 +0530,
A wooden toothpick for giants,LOG,1,visual,12,12,0,5,0.8873386000050232,None,None,,,0,12,12,12,90.30743349995464,,,,,,,,,90.30598840001039,90.79304409993347,90.79304409993347,90.79980216670471,95.80085979995783,95.80085979995783,95.80085979995783,95.80085979995783,95.80085979995783,96.69301569997333,5,0.8873386000050232,None,96.693133499939,96.69317560002673,None,,,,,,,,,,,,tttt,encoding,2026-03-23_21h03.53.493,encoding_phase,,2025.1.1,99.99880002854516,2026-03-23 21h03.57.935096 +0530,
A portable sunshade,VISOR,1,visual,13,13,0,2,0.4128637999529019,None,None,,,0,13,13,13,96.70409080001991,,,,,,,,,96.70250829996075,97.1922290000366,97.1922290000366,97.19886206667094,102.20327810000163,102.20327810000163,102.20327810000163,102.20327810000163,102.20327810000163,102.62205809995066,2,0.4128637999529019,None,102.62218019994907,102.62223069998436,None,,,,,,,,,,,,tttt,encoding,2026-03-23_21h03.53.493,encoding_phase,,2025.1.1,99.99880002854516,2026-03-23 21h03.57.935096 +0530,
A wooden river,PLANK,1,visual,14,14,0,5,0.5582234000321478,None,None,,,0,14,14,14,102.63546559994575,,,,,,,,,102.63383609999437,103.1216142999474,103.1216142999474,103.12817036669391,108.13026709994301,108.13026709994301,108.13026709994301,108.13026709994301,108.13026709994301,108.6914364999393,5,0.5582234000321478,None,108.69156389997806,108.69160839996766,None,,,,,,,,,,,,tttt,encoding,2026-03-23_21h03.53.493,encoding_phase,,2025.1.1,99.99880002854516,2026-03-23 21h03.57.935096 +0530,
A pocket thunderbolt,BATTERY,1,visual,15,15,0,5,0.5740409999853,None,None,,,0,15,15,15,108.70362609997392,,,,,,,,,108.7018130000215,109.19075519999024,109.19075519999024,109.19741076667948,114.2023852999555,114.2023852999555,114.2023852999555,114.2023852999555,114.2023852999555,114.78067000000738,5,0.5740409999853,None,114.78076520003378,114.7808015999617,None,,,,,,,,,,,,tttt,encoding,2026-03-23_21h03.53.493,encoding_phase,,2025.1.1,99.99880002854516,2026-03-23 21h03.57.935096 +0530,
A portable mountain,BACKPACK,1,visual,16,16,0,3,0.9899615999311209,None,None,,,0,16,16,16,114.79237669997383,,,,,,,,,114.79075109993573,115.28004560002591,115.28004560002591,115.28655916668164,120.29010230000131,120.29010230000131,120.29010230000131,120.29010230000131,120.29010230000131,121.28990580001846,3,0.9899615999311209,None,121.29000249993987,121.29004130000249,None,,,,,,,,,,,,tttt,encoding,2026-03-23_21h03.53.493,encoding_phase,,2025.1.1,99.99880002854516,2026-03-23 21h03.57.935096 +0530,
A metal river snake,PIPE,1,visual,17,17,0,5,1.0633809000719339,None,space,1.611919500050135,None,0,17,17,17,121.30135720001999,,,,,,,,,121.29987350001466,121.78915820003022,121.78915820003022,121.79576976661725,126.79274589999113,126.79274589999113,126.79274589999113,126.79274589999113,126.79274589999113,127.85887500003446,5,1.0633809000719339,None,127.85900069994386,129.48908470000606,space,127.86835510004312,127.86835510004312,1.611919500050135,None,,,,,,,,tttt,encoding,2026-03-23_21h03.53.493,encoding_phase,,2025.1.1,99.99880002854516,2026-03-23 21h03.57.935096 +0530,
A pocket mirror for spies,COMPACT,2,auditory,18,18,0,3,0.9564552999800071,None,None,,,0,18,18,18,129.52524149999954,,,,,,,,,129.52324749995023,129.98823509993963,129.98823509993963,129.99472356663708,134.98766770004295,134.98766770004295,134.79772679996677,134.98766770004295,134.98766770004295,135.94802020001225,3,0.9564552999800071,None,135.94815269997343,135.948203500011,None,,,,,,,,,,,,tttt,encoding,2026-03-23_21h03.53.493,encoding_phase,,2025.1.1,99.99880002854516,2026-03-23 21h03.57.935096 +0530,
A paper forest,NEWSPAPER,2,auditory,19,19,0,5,0.6975608000066131,None,None,,,0,19,19,19,135.98599810001906,,,,,,,,,135.98376139998436,136.44736889994238,136.44736889994238,136.4539847666786,141.44654669996817,141.44654669996817,140.8969215999823,141.44654669996817,141.44654669996817,142.14724159997422,5,0.6975608000066131,None,142.1473624999635,142.14741390000563,None,,,,,,,,,,,,tttt,encoding,2026-03-23_21h03.53.493,encoding_phase,,2025.1.1,99.99880002854516,2026-03-23 21h03.57.935096 +0530,
A polite skeleton for tents,POLE,2,auditory,20,20,0,2,0.5945699999574572,None,None,,,0,20,20,20,142.18496590002906,,,,,,,,,142.1829877999844,142.6467363999691,142.6467363999691,142.65339526668348,147.64568269997835,147.64568269997835,147.40578439994715,147.64568269997835,147.64568269997835,148.246580200037,2,0.5945699999574572,None,148.24670220003463,148.24675179994665,None,,,,,,,,,,,,tttt,encoding,2026-03-23_21h03.53.493,encoding_phase,,2025.1.1,99.99880002854516,2026-03-23 21h03.57.935096 +0530,
A metal umbrella for wheels,HUBCAP,2,auditory,21,21,0,5,0.5268191000213847,None,None,,,0,21,21,21,148.26889419998042,,,,,,,,,148.26694899995346,148.74592469993513,148.74592469993513,148.75255226664402,153.74526330002118,153.74526330002118,153.4554525000276,153.74526330002118,153.74526330002118,154.2752663999563,5,0.5268191000213847,None,154.275337100029,154.2753623999888,None,,,,,,,,,,,,tttt,encoding,2026-03-23_21h03.53.493,encoding_phase,,2025.1.1,99.99880002854516,2026-03-23 21h03.57.935096 +0530,
A wall that moves,CURTAIN,2,auditory,22,22,0,3,0.26604420004878193,None,None,,,0,22,22,22,154.29682179994415,,,,,,,,,154.29494940000586,154.77492039999925,154.77492039999925,154.7816147666347,159.7742046000203,159.7742046000203,158.83494169998448,159.7742046000203,159.7742046000203,160.04500729998108,3,0.26604420004878193,None,160.04514129995368,160.04519259999506,None,,,,,,,,,,,,tttt,encoding,2026-03-23_21h03.53.493,encoding_phase,,2025.1.1,99.99880002854516,2026-03-23 21h03.57.935096 +0530,
A pocket library,DIARY,2,auditory,23,23,0,2,0.24858550005592406,None,None,,,0,23,23,23,160.07717239996418,,,,,,,,,160.0753402999835,160.54434200003743,160.54434200003743,160.5508632666354,165.54358489997685,165.54358489997685,164.82367770001292,165.54358489997685,165.54358489997685,165.7941531999968,2,0.24858550005592406,None,165.79427499999292,165.7943219000008,None,,,,,,,,,,,,tttt,encoding,2026-03-23_21h03.53.493,encoding_phase,,2025.1.1,99.99880002854516,2026-03-23 21h03.57.935096 +0530,
A silent fireworks show,STARS,2,auditory,24,24,0,3,0.8033302000258118,None,None,,,0,24,24,24,165.81477179995272,,,,,,,,,165.81290140002966,166.29358649998903,166.29358649998903,166.30011636665247,171.29296130000148,171.29296130000148,171.12296740000602,171.29296130000148,171.29296130000148,172.10358400002588,3,0.8033302000258118,None,172.10371940000914,172.10377349995542,None,,,,,,,,,,,,tttt,encoding,2026-03-23_21h03.53.493,encoding_phase,,2025.1.1,99.99880002854516,2026-03-23 21h03.57.935096 +0530,
A rock that floats,PUMICE,2,auditory,25,25,0,5,0.5019529999699444,None,None,,,0,25,25,25,172.1358674999792,,,,,,,,,172.13392429996748,172.6029841999989,172.6029841999989,172.60945196665514,177.6021890999982,177.6021890999982,176.85519669996575,177.6021890999982,177.6021890999982,178.1126377999317,5,0.5019529999699444,None,178.11273940000683,178.1127787999576,None,,,,,,,,,,,,tttt,encoding,2026-03-23_21h03.53.493,encoding_phase,,2025.1.1,99.99880002854516,2026-03-23 21h03.57.935096 +0530,
A metal rainbow,BRIDGE,2,auditory,26,26,0,2,0.26110360003076494,None,None,,,0,26,26,26,178.1401949999854,,,,,,,,,178.1382076999871,178.61194430000614,178.61194430000614,178.6185933666459,183.6113461999921,183.6113461999921,182.7014670999488,183.6113461999921,183.6113461999921,183.88193729997147,2,0.26110360003076494,None,183.88205809995998,183.88210429996252,None,,,,,,,,,,,,tttt,encoding,2026-03-23_21h03.53.493,encoding_phase,,2025.1.1,99.99880002854516,2026-03-23 21h03.57.935096 +0530,
A sky anchor,HELICOPTER,2,auditory,27,27,0,5,0.39521449990570545,None,None,,,0,27,27,27,183.9049425999401,,,,,,,,,183.90325720002875,184.38139689993113,184.38139689993113,184.38781226665404,189.38054249994457,189.38054249994457,188.6304709999822,189.38054249994457,189.38054249994457,189.78058499994222,5,0.39521449990570545,None,189.78062299999874,189.78063920000568,None,,,,,,,,,,,,tttt,encoding,2026-03-23_21h03.53.493,encoding_phase,,2025.1.1,99.99880002854516,2026-03-23 21h03.57.935096 +0530,
A snowman's spare nose,CARROT,2,auditory,28,28,0,5,0.6488466000882909,None,None,,,0,28,28,28,189.81027010001708,,,,,,,,,189.80821059993468,190.28049429995008,190.28049429995008,190.28708596661843,195.27981360000558,195.27981360000558,194.79174979997333,195.27981360000558,195.27981360000558,195.93029819999356,5,0.6488466000882909,None,195.93041190004442,195.93045780004468,None,,,,,,,,,,,,tttt,encoding,2026-03-23_21h03.53.493,encoding_phase,,2025.1.1,99.99880002854516,2026-03-23 21h03.57.935096 +0530,
A cloud on a stick,COTTONCANDY,2,auditory,29,29,0,5,0.5470672000665218,None,None,,,0,29,29,29,195.95996100001503,,,,,,,,,195.9578496000031,196.42976470000576,196.42976470000576,196.43625356670626,201.4290377999423,201.4290377999423,201.00915669999085,201.4290377999423,201.4290377999423,201.97962879994884,5,0.5470672000665218,None,201.97975449997466,201.97982819995377,None,,,,,,,,,,,,tttt,encoding,2026-03-23_21h03.53.493,encoding_phase,,2025.1.1,99.99880002854516,2026-03-23 21h03.57.935096 +0530,
A metal tree with traffic fruit,TRAFFICLIGHT,2,auditory,30,30,0,3,1.47008289990481,None,None,,,0,30,30,30,202.01663139997981,,,,,,,,,202.0146338000195,202.4790304999333,202.4790304999333,202.48560976662364,207.4900226999307,207.4900226999307,207.4900226999307,207.4900226999307,207.4900226999307,208.96873229998164,3,1.47008289990481,None,208.96885069995187,208.96889699995518,None,,,,,,,,,,,,tttt,encoding,2026-03-23_21h03.53.493,encoding_phase,,2025.1.1,99.99880002854516,2026-03-23 21h03.57.935096 +0530,
A flying door,WINDOW,2,auditory,31,31,0,5,0.4690732000162825,None,None,,,0,31,31,31,208.98883469996508,,,,,,,,,208.98683760000858,209.46831859997474,209.46831859997474,209.47483346664038,214.46751049999148,214.46751049999148,213.57769659999758,214.46751049999148,214.46751049999148,214.93791560002137,5,0.4690732000162825,None,214.93802300002426,214.93806259997655,None,,,,,,,,,,,,tttt,encoding,2026-03-23_21h03.53.493,encoding_phase,,2025.1.1,99.99880002854516,2026-03-23 21h03.57.935096 +0530,
A pocket sun,FLASHLIGHT,2,auditory,32,32,0,4,0.28349850000813603,None,None,,,0,32,32,32,214.96054330002517,,,,,,,,,214.95865569997113,215.43737509998027,215.43737509998027,215.44394296670023,220.4368581000017,220.4368581000017,219.69675020000432,220.4368581000017,220.4368581000017,220.7272423999384,4,0.28349850000813603,None,220.72736939997412,220.72741689998657,None,,,,,,,,,,,,tttt,encoding,2026-03-23_21h03.53.493,encoding_phase,,2025.1.1,99.99880002854516,2026-03-23 21h03.57.935096 +0530,
A portable thundercloud,DRUM,2,auditory,33,33,0,5,0.9180847000097856,None,None,,,0,33,33,33,220.74876260000747,,,,,,,,,220.74687849998008,221.22682740003802,221.22682740003802,221.2333762666133,226.22602089995053,226.22602089995053,225.60613450000528,226.22602089995053,226.22602089995053,227.14674060000107,5,0.9180847000097856,None,227.1468612999888,227.1469073999906,None,,,,,,,,,,,,tttt,encoding,2026-03-23_21h03.53.493,encoding_phase,,2025.1.1,99.99880002854516,2026-03-23 21h03.57.935096 +0530,
A sleepy mountain,VOLCANO,2,auditory,34,34,0,3,1.0112436999334022,None,None,,,0,34,34,34,227.1748515999643,,,,,,,,,227.17285650002304,227.64589689997956,227.64589689997956,227.65231716662336,232.64502529997844,232.64502529997844,231.9552444999572,232.64502529997844,232.64502529997844,233.66543809999712,3,1.0112436999334022,None,233.66556330001913,233.66561030002777,None,,,,,,,,,,,,tttt,encoding,2026-03-23_21h03.53.493,encoding_phase,,2025.1.1,99.99880002854516,2026-03-23 21h03.57.935096 +0530,
A metal spider for paper,STAPLER,2,auditory,35,35,0,5,0.7879145001061261,None,space,1.7001005000201985,None,0,35,35,35,233.69374120002612,,,,,,,,,233.69181520002894,234.16519069997594,234.16519069997594,234.17152246664435,239.1642391999485,239.1642391999485,238.85448810004164,239.1642391999485,239.1642391999485,239.95495499996468,5,0.7879145001061261,None,239.9550902999472,241.67467249999754,space,239.96424100000877,239.96424100000877,1.7001005000201985,None,,,,,,,,tttt,encoding,2026-03-23_21h03.53.493,encoding_phase,,2025.1.1,99.99880002854516,2026-03-23 21h03.57.935096 +0530,
A polite thunderbolt,FLASH,3,visual,36,36,0,5,0.30792379996273667,None,None,,,0,36,36,36,241.69149220001418,,,,,,,,,241.6899575999705,242.1741442999337,242.1741442999337,242.18054586666793,247.1805094999727,247.1805094999727,247.1805094999727,247.1805094999727,247.1805094999727,247.49378759996034,5,0.30792379996273667,None,247.4939126999816,247.49396410002373,None,,,,,,,,,,,,tttt,encoding,2026-03-23_21h03.53.493,encoding_phase,,2025.1.1,99.99880002854516,2026-03-23 21h03.57.935096 +0530,
A glass shoe for science,BEAKER,3,visual,37,37,0,5,0.5557382999686524,None,None,,,0,37,37,37,247.50738149997778,,,,,,,,,247.50587029999588,247.99343489995226,247.99343489995226,247.99973676662583,253.0042995000258,253.0042995000258,253.0042995000258,253.0042995000258,253.0042995000258,253.56312319997232,5,0.5557382999686524,None,253.56322190002538,253.56327449996024,None,,,,,,,,,,,,tttt,encoding,2026-03-23_21h03.53.493,encoding_phase,,2025.1.1,99.99880002854516,2026-03-23 21h03.57.935096 +0530,
A paper boat for money,WALLET,3,visual,38,38,0,5,0.5841248000506312,None,None,,,0,38,38,38,253.57748019997962,,,,,,,,,253.57567469996866,254.06254770001397,254.06254770001397,254.06924116664257,259.07203159993514,259.07203159993514,259.07203159993514,259.07203159993514,259.07203159993514,259.6624157000333,5,0.5841248000506312,None,259.6625200000126,259.66255919996183,None,,,,,,,,,,,,tttt,encoding,2026-03-23_21h03.53.493,encoding_phase,,2025.1.1,99.99880002854516,2026-03-23 21h03.57.935096 +0530,
A frozen river bridge,ICEBRIDGE,3,visual,39,39,0,5,0.9725788999348879,None,None,,,0,39,39,39,259.67598629998975,,,,,,,,,259.67427479999606,260.1617255000165,260.1617255000165,260.1683026666908,265.1716034000274,265.1716034000274,265.1716034000274,265.1716034000274,265.1716034000274,266.1515822999645,5,0.9725788999348879,None,266.15170199994463,266.1517480999464,None,,,,,,,,,,,,tttt,encoding,2026-03-23_21h03.53.493,encoding_phase,,2025.1.1,99.99880002854516,2026-03-23 21h03.57.935096 +0530,
A metal sunflower seed,NUT,3,visual,40,40,0,5,0.6272784000029787,None,None,,,0,40,40,40,266.1655518999323,,,,,,,,,266.1640040000202,266.65114309999626,266.65114309999626,266.65765076660705,271.65278989996295,271.65278989996295,271.65278989996295,271.65278989996295,271.65278989996295,272.2805386999389,5,0.6272784000029787,None,272.28058489994146,272.2805977000389,None,,,,,,,,,,,,tttt,encoding,2026-03-23_21h03.53.493,encoding_phase,,2025.1.1,99.99880002854516,2026-03-23 21h03.57.935096 +0530,
A sleepy ladder,STAIRS,3,visual,41,41,0,5,0.4947383999824524,None,None,,,0,41,41,41,272.29139939998277,,,,,,,,,272.28932600002736,272.78032310004346,272.78032310004346,272.7868842667124,277.7851885999553,277.7851885999553,277.7851885999553,277.7851885999553,277.7851885999553,278.28979900002014,5,0.4947383999824524,None,278.2898960999446,278.28993269999046,None,,,,,,,,,,,,tttt,encoding,2026-03-23_21h03.53.493,encoding_phase,,2025.1.1,99.99880002854516,2026-03-23 21h03.57.935096 +0530,
A sleepy paintbrush,MOP,3,visual,42,42,0,4,0.23617669998202473,None,None,,,0,42,42,42,278.30317099997774,,,,,,,,,278.30168829998,278.7895107000368,278.7895107000368,278.7961237666352,283.79581879999023,283.79581879999023,283.79581879999023,283.79581879999023,283.79581879999023,284.0392411999637,4,0.23617669998202473,None,284.03936169994995,284.03941009996925,None,,,,,,,,,,,,tttt,encoding,2026-03-23_21h03.53.493,encoding_phase,,2025.1.1,99.99880002854516,2026-03-23 21h03.57.935096 +0530,
A wall with lungs,WINDOWSCREEN,3,visual,43,43,0,5,0.4732671999372542,None,None,,,0,43,43,43,284.0544232999673,,,,,,,,,284.0528117000358,284.5386512000114,284.5386512000114,284.54521586670694,289.5428636999568,289.5428636999568,289.5428636999568,289.5428636999568,289.5428636999568,290.01856250001583,5,0.4732671999372542,None,290.01868460001424,290.0187329000328,None,,,,,,,,,,,,tttt,encoding,2026-03-23_21h03.53.493,encoding_phase,,2025.1.1,99.99880002854516,2026-03-23 21h03.57.935096 +0530,
A pocket blizzard,TISSUE,3,visual,44,44,0,4,0.3330262000672519,None,None,,,0,44,44,44,290.03185349993873,,,,,,,,,290.03019760001916,290.5179240000434,290.5179240000434,290.52451766661056,295.5228526999708,295.5228526999708,295.5228526999708,295.5228526999708,295.5228526999708,295.85709549998865,4,0.3330262000672519,None,295.8571331000421,295.85714929993264,None,,,,,,,,,,,,tttt,encoding,2026-03-23_21h03.53.493,encoding_phase,,2025.1.1,99.99880002854516,2026-03-23 21h03.57.935096 +0530,
A book for recipes,COOKBOOK,3,visual,45,45,0,3,0.34493250004015863,None,None,,,0,45,45,45,295.86682150000706,,,,,,,,,295.86418539995793,296.3572984000202,296.3572984000202,296.36374236661163,301.35945819993503,301.35945819993503,301.35945819993503,301.35945819993503,301.35945819993503,301.70689709996805,3,0.34493250004015863,None,301.7070113000227,301.7070543000009,None,,,,,,,,,,,,tttt,encoding,2026-03-23_21h03.53.493,encoding_phase,,2025.1.1,99.99880002854516,2026-03-23 21h03.57.935096 +0530,
A sleepless neighborhood rooster,SIREN,3,visual,46,46,0,4,0.7563172999070957,None,None,,,0,46,46,46,301.7193464000011,,,,,,,,,301.7173294000095,302.20640160003677,302.20640160003677,302.2130240667068,307.21155000000726,307.21155000000726,307.21155000000726,307.21155000000726,307.21155000000726,307.97566899994854,4,0.7563172999070957,None,307.97570629999973,307.97571759996936,None,,,,,,,,,,,,tttt,encoding,2026-03-23_21h03.53.493,encoding_phase,,2025.1.1,99.99880002854516,2026-03-23 21h03.57.935096 +0530,
A polite mirror for time,WATCH,3,visual,47,47,0,2,0.25157199997920543,None,None,,,0,47,47,47,307.9860154000344,,,,,,,,,307.98352599993814,308.47554400004447,308.47554400004447,308.4821490666984,313.48459250002634,313.48459250002634,313.48459250002634,313.48459250002634,313.48459250002634,313.7454593000002,2,0.25157199997920543,None,313.7455780999735,313.74562579998747,None,,,,,,,,,,,,tttt,encoding,2026-03-23_21h03.53.493,encoding_phase,,2025.1.1,99.99880002854516,2026-03-23 21h03.57.935096 +0530,
A rock pillow,BOULDER,3,visual,48,48,0,4,0.5882432000944391,None,None,,,0,48,48,48,313.75986360001843,,,,,,,,,313.75800639996305,314.24493529996835,314.24493529996835,314.25145146664386,319.2519044999499,319.2519044999499,319.2519044999499,319.2519044999499,319.2519044999499,319.844818499987,4,0.5882432000944391,None,319.8449158000294,319.8449687999673,None,,,,,,,,,,,,tttt,encoding,2026-03-23_21h03.53.493,encoding_phase,,2025.1.1,99.99880002854516,2026-03-23 21h03.57.935096 +0530,
A glass ladder for drinking,STRAW,3,visual,49,49,0,3,0.7104724000673741,None,None,,,0,49,49,49,319.8564932999434,,,,,,,,,319.8547096999828,320.3441002999898,320.3441002999898,320.3505989666485,325.35348599997815,325.35348599997815,325.35348599997815,325.35348599997815,325.35348599997815,326.07355630001985,3,0.7104724000673741,None,326.0736367999343,326.0736623000121,None,,,,,,,,,,,,tttt,encoding,2026-03-23_21h03.53.493,encoding_phase,,2025.1.1,99.99880002854516,2026-03-23 21h03.57.935096 +0530,
A polite cage for books,BOOKCASE,3,visual,50,50,0,5,0.3689332999056205,None,None,,,0,50,50,50,326.084343799972,,,,,,,,,326.082665599999,326.57331130001694,326.57331130001694,326.57996326667876,331.5835644999752,331.5835644999752,331.5835644999752,331.5835644999752,331.5835644999752,331.9631145999301,5,0.3689332999056205,None,331.96323490003124,331.9632818000391,None,,,,,,,,,,,,tttt,encoding,2026-03-23_21h03.53.493,encoding_phase,,2025.1.1,99.99880002854516,2026-03-23 21h03.57.935096 +0530,
A striped escape artist,ZEBRA,3,visual,51,51,0,4,0.5998729000566527,None,None,,,0,51,51,51,331.97746710001957,,,,,,,,,331.975981399999,332.4625889000017,332.4625889000017,332.46910116664753,337.4729682999896,337.4729682999896,337.4729682999896,337.4729682999896,337.4729682999896,338.0823963000439,4,0.5998729000566527,None,338.08252479997464,338.0825719999848,None,,,,,,,,,,,,tttt,encoding,2026-03-23_21h03.53.493,encoding_phase,,2025.1.1,99.99880002854516,2026-03-23 21h03.57.935096 +0530,
A portable shadow maker,UMBRELLA,3,visual,52,52,0,2,0.9440753000089899,None,None,,,0,52,52,52,338.0953856999986,,,,,,,,,338.09381530003157,338.5819484000094,338.5819484000094,338.58834396669795,343.59212039993145,343.59212039993145,343.59212039993145,343.59212039993145,343.59212039993145,344.5415842999937,2,0.9440753000089899,None,344.54170579998754,344.5417550000129,None,,,,,,,,,,,,tttt,encoding,2026-03-23_21h03.53.493,encoding_phase,,2025.1.1,99.99880002854516,2026-03-23 21h03.57.935096 +0530,
A sleepy computer,SERVER,3,visual,53,53,0,5,0.2921006999677047,None,space,1.633748000022024,None,0,53,53,53,344.5548109000083,,,,,,,,,344.553088100045,345.04098179994617,345.04098179994617,345.0476001667014,350.0441764999414,350.0441764999414,350.0441764999414,350.0441764999414,350.0441764999414,350.34085519996006,5,0.2921006999677047,None,350.34101329999976,351.99071499996353,space,350.35035540000536,350.35035540000536,1.633748000022024,None,,,,,,,,tttt,encoding,2026-03-23_21h03.53.493,encoding_phase,,2025.1.1,99.99880002854516,2026-03-23 21h03.57.935096 +0530,
A book with teeth,ZIPPER,4,auditory,54,54,0,3,0.3267092000460252,None,None,,,0,54,54,54,352.0132645999547,,,,,,,,,352.0112746999366,352.49010179995093,352.49010179995093,352.49664256669735,357.48947819997557,357.48947819997557,356.55961120000575,357.48947819997557,357.48947819997557,357.8198274000315,3,0.3267092000460252,None,357.81993749993853,357.8199777000118,None,,,,,,,,,,,,tttt,encoding,2026-03-23_21h03.53.493,encoding_phase,,2025.1.1,99.99880002854516,2026-03-23 21h03.57.935096 +0530,
A sky leash,KITE,4,auditory,55,55,0,4,0.2901248000562191,None,None,,,0,55,55,55,357.8427846999839,,,,,,,,,357.84089769993443,358.31938609993085,358.31938609993085,358.3258336666661,363.31862359994557,363.31862359994557,362.19868509995285,363.31862359994557,363.31862359994557,363.619082899997,4,0.2901248000562191,None,363.61920880002435,363.61925620003603,None,,,,,,,,,,,,tttt,encoding,2026-03-23_21h03.53.493,encoding_phase,,2025.1.1,99.99880002854516,2026-03-23 21h03.57.935096 +0530,
A metal pillow for ships,DOCK,4,auditory,56,56,0,4,0.3783111000666395,None,None,,,0,56,56,56,363.6367078999756,,,,,,,,,363.6350230999524,364.11865489999764,364.11865489999764,364.1251849666626,369.11805069993716,369.11805069993716,368.4981961000012,369.11805069993716,369.11805069993716,369.49847520003095,4,0.3783111000666395,None,369.49860639998224,369.4986559000099,None,,,,,,,,,,,,tttt,encoding,2026-03-23_21h03.53.493,encoding_phase,,2025.1.1,99.99880002854516,2026-03-23 21h03.57.935096 +0530,
A metal butterfly,CLIP,4,auditory,57,57,0,3,0.29083900002297014,None,None,,,0,57,57,57,369.5171645999653,,,,,,,,,369.51523959997576,369.99792330001947,369.99792330001947,370.0046887666142,374.9973640999524,374.9973640999524,374.06775869999547,374.9973640999524,374.9973640999524,375.2979004000081,3,0.29083900002297014,None,375.2980232000118,375.2980714000296,None,,,,,,,,,,,,tttt,encoding,2026-03-23_21h03.53.493,encoding_phase,,2025.1.1,99.99880002854516,2026-03-23 21h03.57.935096 +0530,
A polite prison for tea,TEAPOT,4,auditory,58,58,0,2,0.4752219000365585,None,None,,,0,58,58,58,375.32716580003034,,,,,,,,,375.3253813999472,375.79749040002935,375.79749040002935,375.8039821666355,380.7967341999756,380.7967341999756,380.3667863999726,380.7967341999756,380.7967341999756,381.277042599977,2,0.4752219000365585,None,381.27714110002853,381.27717749995645,None,,,,,,,,,,,,tttt,encoding,2026-03-23_21h03.53.493,encoding_phase,,2025.1.1,99.99880002854516,2026-03-23 21h03.57.935096 +0530,
A paper road,MAP,4,auditory,59,59,0,4,0.2879638000158593,None,None,,,0,59,59,59,381.2967504999833,,,,,,,,,381.2948906000238,381.77651360002346,381.77651360002346,381.7831571666213,386.77606760000344,386.77606760000344,385.7761129999999,386.77606760000344,386.77606760000344,387.06648839998525,4,0.2879638000158593,None,387.06661959993653,387.0666677999543,None,,,,,,,,,,,,tttt,encoding,2026-03-23_21h03.53.493,encoding_phase,,2025.1.1,99.99880002854516,2026-03-23 21h03.57.935096 +0530,
A pocket desert,SAND,4,auditory,60,60,0,3,0.26685170002747327,None,None,,,0,60,60,60,387.08840609993786,,,,,,,,,387.08651169994846,387.56565500004217,387.56565500004217,387.57228216663157,392.5651668999344,392.5651668999344,391.7951356000267,392.5651668999344,392.5651668999344,392.83568330004346,3,0.26685170002747327,None,392.8358175000176,392.8358654000331,None,,,,,,,,,,,,tttt,encoding,2026-03-23_21h03.53.493,encoding_phase,,2025.1.1,99.99880002854516,2026-03-23 21h03.57.935096 +0530,
A portable cave,BOX,4,auditory,61,61,0,4,0.24982100003398955,None,None,,,0,61,61,61,392.86958810000215,,,,,,,,,392.8677075000014,393.33510140003636,393.33510140003636,393.3417132666257,398.33444759994745,398.33444759994745,397.4744747999357,398.33444759994745,398.33444759994745,398.595209699939,4,0.24982100003398955,None,398.59535419999156,398.5954083999386,None,,,,,,,,,,,,tttt,encoding,2026-03-23_21h03.53.493,encoding_phase,,2025.1.1,99.99880002854516,2026-03-23 21h03.57.935096 +0530,
A pocket rainbow,CRAYON,4,auditory,62,62,0,5,0.3465757999802008,None,None,,,0,62,62,62,398.608316799975,,,,,,,,,398.60681659996044,399.0944287000457,399.0944287000457,399.10101406666604,404.093522900017,404.093522900017,403.3036911999807,404.093522900017,404.093522900017,404.44419700000435,5,0.3465757999802008,None,404.4443465999793,404.44439419999253,None,,,,,,,,,,,,tttt,encoding,2026-03-23_21h03.53.493,encoding_phase,,2025.1.1,99.99880002854516,2026-03-23 21h03.57.935096 +0530,
A polite cage for hands,GLOVE,4,auditory,63,63,0,1,0.3697784000542015,None,None,,,0,63,63,63,404.4722690000199,,,,,,,,,404.4702214000281,404.9434886999661,404.9434886999661,404.9500522666533,409.94279190001544,409.94279190001544,409.5630442999536,409.94279190001544,409.94279190001544,410.313291199971,1,0.3697784000542015,None,410.3133969999617,410.31343650002964,None,,,,,,,,,,,,tttt,encoding,2026-03-23_21h03.53.493,encoding_phase,,2025.1.1,99.99880002854516,2026-03-23 21h03.57.935096 +0530,
A pocket tornado,FAN,4,auditory,64,64,0,4,0.2760339999804273,None,None,,,0,64,64,64,410.3428250999423,,,,,,,,,410.34071549994405,410.8127664999338,410.8127664999338,410.8192415666456,415.81207530002575,415.81207530002575,415.112292899983,415.81207530002575,415.81207530002575,416.0926096999319,4,0.2760339999804273,None,416.09273439995013,416.0927846999839,None,,,,,,,,,,,,tttt,encoding,2026-03-23_21h03.53.493,encoding_phase,,2025.1.1,99.99880002854516,2026-03-23 21h03.57.935096 +0530,
A sun-powered eye,SOLARPANEL,4,auditory,65,65,0,3,0.5047833001008257,None,None,,,0,65,65,65,416.1292848000303,,,,,,,,,416.1274542999454,416.5919890999794,416.5919890999794,416.5986737666574,421.59120999998413,421.59120999998413,421.08513170003425,421.59120999998413,421.59120999998413,422.10146020003594,3,0.5047833001008257,None,422.1014964999631,422.10150730004534,None,,,,,,,,,,,,tttt,encoding,2026-03-23_21h03.53.493,encoding_phase,,2025.1.1,99.99880002854516,2026-03-23 21h03.57.935096 +0530,
A paper airplane graveyard,TRASHCAN,4,auditory,66,66,0,5,0.5595392000395805,None,None,,,0,66,66,66,422.12126179994084,,,,,,,,,422.1191980999429,422.6012799999444,422.6012799999444,422.6078364666939,427.60055800003465,427.60055800003465,427.59060580004007,427.60055800003465,427.60055800003465,428.1609892999986,5,0.5595392000395805,None,428.16109239996877,428.16113280004356,None,,,,,,,,,,,,tttt,encoding,2026-03-23_21h03.53.493,encoding_phase,,2025.1.1,99.99880002854516,2026-03-23 21h03.57.935096 +0530,
A glass pillow,LENS,4,auditory,67,67,0,3,0.2527169000823051,None,None,,,0,67,67,67,428.1924936999567,,,,,,,,,428.1903621000238,428.6604363999795,428.6604363999795,428.6669916666035,433.6595469999593,433.6595469999593,432.709869000013,433.6595469999593,433.6595469999593,433.9204164999537,3,0.2527169000823051,None,433.9205337000312,433.92058169993106,None,,,,,,,,,,,,tttt,encoding,2026-03-23_21h03.53.493,encoding_phase,,2025.1.1,99.99880002854516,2026-03-23 21h03.57.935096 +0530,
A polite cage for light,LAMPSHADE,4,auditory,68,68,0,2,0.32520690001547337,None,None,,,0,68,68,68,433.9429772000294,,,,,,,,,433.9407937999349,434.41980689996853,434.41980689996853,434.4262848667024,439.4189699999988,439.4189699999988,439.1489428000059,439.4189699999988,439.4189699999988,439.74957370001357,2,0.32520690001547337,None,439.74968989996705,439.7497347999597,None,,,,,,,,,,,,tttt,encoding,2026-03-23_21h03.53.493,encoding_phase,,2025.1.1,99.99880002854516,2026-03-23 21h03.57.935096 +0530,
A sleepy spotlight,MOON,4,auditory,69,69,0,1,0.24009909993037581,None,None,,,0,69,69,69,439.7814379000338,,,,,,,,,439.7795230000047,440.2489538999507,440.2489538999507,440.2554339667006,445.2482191999443,445.2482191999443,444.4184599999571,445.2482191999443,445.2482191999443,445.49886069993954,1,0.24009909993037581,None,445.49898279993795,445.49903009994887,None,,,,,,,,,,,,tttt,encoding,2026-03-23_21h03.53.493,encoding_phase,,2025.1.1,99.99880002854516,2026-03-23 21h03.57.935096 +0530,
A rainproof shell on legs,TURTLE,4,auditory,70,70,0,2,0.42662140005268157,None,None,,,0,70,70,70,445.5196090999525,,,,,,,,,445.51792859996203,445.9983456999762,445.9983456999762,446.005072266624,450.99757330003195,450.99757330003195,450.6176617000019,450.99757330003195,450.99757330003195,451.4281505999388,2,0.42662140005268157,None,451.4282674000133,451.42831280000973,None,,,,,,,,,,,,tttt,encoding,2026-03-23_21h03.53.493,encoding_phase,,2025.1.1,99.99880002854516,2026-03-23 21h03.57.935096 +0530,
A metal shoebox for wheels,GARAGE,4,auditory,71,71,0,1,0.40935530001297593,None,None,,,0,71,71,71,451.4604082000442,,,,,,,,,451.45824690000154,451.92766509996727,451.92766509996727,451.93402896664725,456.9268033000408,456.9268033000408,456.7169643000234,456.9268033000408,456.9268033000408,457.3373926000204,1,0.40935530001297593,None,457.3375139000127,457.33757949993014,None,,,,,,,,,,,,tttt,encoding,2026-03-23_21h03.53.493,encoding_phase,,2025.1.1,99.99880002854516,2026-03-23 21h03.57.935096 +0530,
,,,,,,,,,,,,,,,,,,,,,,,,,,,,,,,,,,,,,,,,,,,,,,457.3377399999881,457.34674720000476,457.34674720000476,461.4768843000056,space,4.125473199994303,None,tttt,encoding,2026-03-23_21h03.53.493,encoding_phase,,2025.1.1,99.99880002854516,2026-03-23 21h03.57.935096 +0530,
