definition,word,modality,thisN,thisTrialN,thisRepN,prac_resp.keys,prac_resp.rt,prac_resp.duration,block,rating_response.keys,rating_response.rt,rating_response.duration,break_resp.keys,break_resp.rt,break_resp.duration,practice_rials.thisRepN,practice_rials.thisTrialN,practice_rials.thisN,practice_rials.thisIndex,trials.thisRepN,trials.thisTrialN,trials.thisN,trials.thisIndex,thisRow.t,notes,Instruction.started,instr_text.started,instr_resp.started,Instruction.stopped,instr_resp.keys,instr_resp.rt,instr_resp.duration,prac_instruction.started,text.started,key_resp_2.started,prac_instruction.stopped,key_resp_2.keys,key_resp_2.rt,key_resp_2.duration,practice_trial.started,prac_visual.started,prac_icon.started,prac_audio.started,prac_audio.stopped,prac_visual.stopped,prac_icon.stopped,prac_resp.started,prac_rating_prompt.started,practice_trial.stopped,practice_rials.prac_resp.keys,practice_rials.prac_resp.rt,practice_rials.prac_resp.duration,main_task_start.started,orientation.started,key_resp.started,main_task_start.stopped,key_resp.keys,key_resp.rt,key_resp.duration,trial.started,visual_stimulus.started,auditory_icon.started,audio_stim.started,visual_stimulus.stopped,auditory_icon.stopped,audio_stim.stopped,rating_response.started,rating_prompt.started,trial.stopped,trials.rating_response.keys,trials.rating_response.rt,trials.rating_response.duration,Break.started,Break.stopped,trials.break_resp.keys,break_text.started,break_resp.started,trials.break_resp.rt,trials.break_resp.duration,End.started,end_text.started,end_key.started,End.stopped,end_key.keys,end_key.rt,end_key.duration,participant,session,date,expName,expVersion,psychopyVersion,frameRate,expStart,
,,,,,,,,,,,,,,,,,,,,,,,,,,0.002249700002721511,0.004511799997999333,0.004511799997999333,3.2898174000001745,space,3.274127699995006,None,,,,,,,,,,,,,,,,,,,,,,,,,,,,,,,,,,,,,,,,,,,,,,,,,,,,,,,ww,encoding,2026-03-24_11h41.09.287,encoding_phase,,2025.1.1,99.7097449365213,2026-03-24 11h41.11.541743 +0530,
,,,,,,,,,,,,,,,,,,,,,,,,,,,,,,,,,3.2898681000006036,3.293429199999082,3.293429199999082,3.942689399998926,space,0.6412127999938093,None,,,,,,,,,,,,,,,,,,,,,,,,,,,,,,,,,,,,,,,,,,,,,,,,ww,encoding,2026-03-24_11h41.09.287,encoding_phase,,2025.1.1,99.7097449365213,2026-03-24 11h41.11.541743 +0530,
A gray giant with a hose,ELEPHANT,auditory,0,0,0,4,1.6618662000037148,None,,,,,,,,0,0,0,0,,,,,3.9968599999992875,,,,,,,,,,,,,,,,3.9947176999994554,4.441754300001776,4.441754300001776,4.448257766667909,9.08102730000246,9.441033800001605,9.441033800001605,9.441033800001605,9.441033800001605,11.111764499997662,4,1.6618662000037148,None,,,,,,,,,,,,,,,,,,,,,,,,,,,,,,,,,,,ww,encoding,2026-03-24_11h41.09.287,encoding_phase,,2025.1.1,99.7097449365213,2026-03-24 11h41.11.541743 +0530,
A wooden box with strings,GUITAR,auditory,1,1,0,2,1.0764481000005617,None,,,,,,,,0,1,1,1,,,,,11.147841400001198,,,,,,,,,,,,,,,,11.145854000002146,11.611133400001563,11.611133400001563,11.617463166669284,16.250448400001915,16.61013130000356,16.61013130000356,16.61013130000356,16.61013130000356,17.69076280000445,2,1.0764481000005617,None,,,,,,,,,,,,,,,,,,,,,,,,,,,,,,,,,,,ww,encoding,2026-03-24_11h41.09.287,encoding_phase,,2025.1.1,99.7097449365213,2026-03-24 11h41.11.541743 +0530,
A loud sky drum,THUNDER,auditory,2,2,0,4,0.5695028000045568,None,,,,,,,,0,2,2,2,,,,,17.73598299999867,,,,,,,,,,,,,,,,17.733651499998814,18.190262399999483,18.190262399999483,18.196807166667227,22.44952419999754,23.189514400000917,23.189514400000917,23.189514400000917,23.189514400000917,23.769769700003962,4,0.5695028000045568,None,,,,,,,,,,,,,,,,,,,,,,,,,,,,,,,,,,,ww,encoding,2026-03-24_11h41.09.287,encoding_phase,,2025.1.1,99.7097449365213,2026-03-24 11h41.11.541743 +0530,
A sweet red fruit with seeds,APPLE,visual,3,3,0,4,1.602587699999276,None,,,,,,,,0,3,3,3,,,,,23.781772000002093,,,,,,,,,,,,,,,,23.780304899999464,24.269494799998938,24.269494799998938,24.275965466669973,29.276691600003687,29.276691600003687,29.276691600003687,29.276691600003687,29.276691600003687,30.88908729999821,4,1.602587699999276,None,,,,,,,,,,,,,,,,,,,,,,,,,,,,,,,,,,,ww,encoding,2026-03-24_11h41.09.287,encoding_phase,,2025.1.1,99.7097449365213,2026-03-24 11h41.11.541743 +0530,
A flying vehicle with wings,AIRPLANE,visual,4,4,0,4,1.4733688999986043,None,,,,,,,,0,4,4,4,,,,,30.902936899998167,,,,,,,,,,,,,,,,30.90141360000416,31.388374499998463,31.388374499998463,31.394928666665024,36.39728399999876,36.39728399999876,36.39728399999876,36.39728399999876,36.39728399999876,37.8779566000012,4,1.4733688999986043,None,,,,,,,,,,,,,,,,,,,,,,,,,,,,,,,,,,,ww,encoding,2026-03-24_11h41.09.287,encoding_phase,,2025.1.1,99.7097449365213,2026-03-24 11h41.11.541743 +0530,
A yellow curved fruit,BANANA,visual,5,5,0,3,0.9616796999980579,None,,,,,,,,0,5,5,5,,,,,37.89344030000211,,,,,,,,,,,,,,,,37.891671600002155,38.377529099998355,38.377529099998355,38.38416246666408,43.3890653999988,43.3890653999988,43.3890653999988,43.3890653999988,43.3890653999988,44.35705930000404,3,0.9616796999980579,None,,,,,,,,,,,,,,,,,,,,,,,,,,,,,,,,,,,ww,encoding,2026-03-24_11h41.09.287,encoding_phase,,2025.1.1,99.7097449365213,2026-03-24 11h41.11.541743 +0530,
,,,,,,,,,,,,,,,,,,,,,,,,,,,,,,,,,,,,,,,,,,,,,,,,,,,,,44.35728240000026,44.36657830000331,44.36657830000331,49.84654469999805,space,5.472203299999819,None,,,,,,,,,,,,,,,,,,,,,,,,,,,,ww,encoding,2026-03-24_11h41.09.287,encoding_phase,,2025.1.1,99.7097449365213,2026-03-24 11h41.11.541743 +0530,
A portable shadow box,SUITCASE,visual,0,0,0,,,,1,3,11.366648100003658,None,None,,,,,,,0,0,0,0,49.871360600001935,,,,,,,,,,,,,,,,,,,,,,,,,,,,,,,,,,,,49.86941990000196,50.345946900000854,50.345946900000854,50.352542166667504,55.36034350000409,55.36034350000409,55.36034350000409,55.36034350000409,55.36034350000409,66.73445989999891,3,11.366648100003658,None,66.73460019999766,66.73465600000054,None,,,,,,,,,,,,ww,encoding,2026-03-24_11h41.09.287,encoding_phase,,2025.1.1,99.7097449365213,2026-03-24 11h41.11.541743 +0530,
A silent drummer,HEART,visual,1,1,0,,,,1,4,0.8250948999993852,None,None,,,,,,,0,1,1,1,66.74960529999953,,,,,,,,,,,,,,,,,,,,,,,,,,,,,,,,,,,,66.74772250000387,67.23380840000027,67.23380840000027,67.24038556666734,72.2456377999988,72.2456377999988,72.2456377999988,72.2456377999988,72.2456377999988,73.07374720000371,4,0.8250948999993852,None,73.07387539999763,73.07394059999933,None,,,,,,,,,,,,ww,encoding,2026-03-24_11h41.09.287,encoding_phase,,2025.1.1,99.7097449365213,2026-03-24 11h41.11.541743 +0530,
A spoon with ambition,SHOVEL,visual,2,2,0,,,,1,5,0.5350590000016382,None,None,,,,,,,0,2,2,2,73.08793420000438,,,,,,,,,,,,,,,,,,,,,,,,,,,,,,,,,,,,73.08634400000301,73.57303830000455,73.57303830000455,73.57957096666748,78.5756468000036,78.5756468000036,78.5756468000036,78.5756468000036,78.5756468000036,79.11302240000077,5,0.5350590000016382,None,79.11314739999943,79.11319830000139,None,,,,,,,,,,,,ww,encoding,2026-03-24_11h41.09.287,encoding_phase,,2025.1.1,99.7097449365213,2026-03-24 11h41.11.541743 +0530,
A metal tongue for guitars,PICK,visual,3,3,0,,,,1,3,0.7081535999968764,None,None,,,,,,,0,3,3,3,79.12786490000144,,,,,,,,,,,,,,,,,,,,,,,,,,,,,,,,,,,,79.12624260000302,79.61227230000077,79.61227230000077,79.61874906666732,84.61862790000305,84.61862790000305,84.61862790000305,84.61862790000305,84.61862790000305,85.3321821999998,3,0.7081535999968764,None,85.33231360000354,85.3323584000027,None,,,,,,,,,,,,ww,encoding,2026-03-24_11h41.09.287,encoding_phase,,2025.1.1,99.7097449365213,2026-03-24 11h41.11.541743 +0530,
A glass slipper for drinks,CUP,visual,4,4,0,,,,1,3,1.6643544000035035,None,None,,,,,,,0,4,4,4,85.34442259999923,,,,,,,,,,,,,,,,,,,,,,,,,,,,,,,,,,,,85.34274200000073,85.8315803000005,85.8315803000005,85.83814686666689,90.83835469999758,90.83835469999758,90.83835469999758,90.83835469999758,90.83835469999758,92.51126330000261,3,1.6643544000035035,None,92.51140380000288,92.51145120000001,None,,,,,,,,,,,,ww,encoding,2026-03-24_11h41.09.287,encoding_phase,,2025.1.1,99.7097449365213,2026-03-24 11h41.11.541743 +0530,
A glass drum,BOWL,visual,5,5,0,,,,1,4,2.021305400005076,None,None,,,,,,,0,5,5,5,92.52522080000199,,,,,,,,,,,,,,,,,,,,,,,,,,,,,,,,,,,,92.52339519999805,93.01055230000202,93.01055230000202,93.01724926666454,98.01754880000226,98.01754880000226,98.01754880000226,98.01754880000226,98.01754880000226,100.04011360000004,4,2.021305400005076,None,100.04022049999912,100.04026449999947,None,,,,,,,,,,,,ww,encoding,2026-03-24_11h41.09.287,encoding_phase,,2025.1.1,99.7097449365213,2026-03-24 11h41.11.541743 +0530,
A house for wheels,PARKINGLOT,visual,6,6,0,,,,1,5,0.7237679999961983,None,None,,,,,,,0,6,6,6,100.05234449999989,,,,,,,,,,,,,,,,,,,,,,,,,,,,,,,,,,,,100.05069499999809,100.53952750000462,100.53952750000462,100.54617946666646,105.54691090000415,105.54691090000415,105.54691090000415,105.54691090000415,105.54691090000415,106.27939390000392,5,0.7237679999961983,None,106.27951680000115,106.27956650000124,None,,,,,,,,,,,,ww,encoding,2026-03-24_11h41.09.287,encoding_phase,,2025.1.1,99.7097449365213,2026-03-24 11h41.11.541743 +0530,
A glass stomach for flowers,VASE,visual,7,7,0,,,,1,3,0.6455954999983078,None,None,,,,,,,0,7,7,7,106.29231879999861,,,,,,,,,,,,,,,,,,,,,,,,,,,,,,,,,,,,106.29054700000415,106.77875280000444,106.77875280000444,106.78541826666721,111.78517409999768,111.78517409999768,111.78517409999768,111.78517409999768,111.78517409999768,112.43862700000318,3,0.6455954999983078,None,112.43875390000176,112.43882440000016,None,,,,,,,,,,,,ww,encoding,2026-03-24_11h41.09.287,encoding_phase,,2025.1.1,99.7097449365213,2026-03-24 11h41.11.541743 +0530,
A pocket refrigerator,COOLER,visual,8,8,0,,,,1,3,0.597012199999881,None,None,,,,,,,0,8,8,8,112.45122699999774,,,,,,,,,,,,,,,,,,,,,,,,,,,,,,,,,,,,112.44952600000397,112.9380719000037,112.9380719000037,112.94456526666569,117.94583199999761,117.94583199999761,117.94583199999761,117.94583199999761,117.94583199999761,118.5482387000011,3,0.597012199999881,None,118.54839660000289,118.54845429999841,None,,,,,,,,,,,,ww,encoding,2026-03-24_11h41.09.287,encoding_phase,,2025.1.1,99.7097449365213,2026-03-24 11h41.11.541743 +0530,
A rainbow bridge for cars,OVERPASS,visual,9,9,0,,,,1,3,0.846460400003707,None,None,,,,,,,0,9,9,9,118.56474080000044,,,,,,,,,,,,,,,,,,,,,,,,,,,,,,,,,,,,118.56291490000149,119.0474336000043,119.0474336000043,119.05404436666528,124.05618269999832,124.05618269999832,124.05618269999832,124.05618269999832,124.05618269999832,124.9068643999999,3,0.846460400003707,None,124.90693800000008,124.90696600000228,None,,,,,,,,,,,,ww,encoding,2026-03-24_11h41.09.287,encoding_phase,,2025.1.1,99.7097449365213,2026-03-24 11h41.11.541743 +0530,
A bread pillow,LOAF,visual,10,10,0,,,,1,3,8.333161499998823,None,None,,,,,,,0,10,10,10,124.91882169999735,,,,,,,,,,,,,,,,,,,,,,,,,,,,,,,,,,,,124.91690499999822,125.40639730000112,125.40639730000112,125.4130346666682,130.4175185999993,130.4175185999993,130.4175185999993,130.4175185999993,130.4175185999993,138.75521599999774,3,8.333161499998823,None,138.75533990000258,138.75539270000445,None,,,,,,,,,,,,ww,encoding,2026-03-24_11h41.09.287,encoding_phase,,2025.1.1,99.7097449365213,2026-03-24 11h41.11.541743 +0530,
A sleepy trumpet,HORN,visual,11,11,0,,,,1,3,0.8594530999980634,None,None,,,,,,,0,11,11,11,138.76833550000447,,,,,,,,,,,,,,,,,,,,,,,,,,,,,,,,,,,,138.76666529999784,139.25491350000084,139.25491350000084,139.2615223666692,144.25922770000034,144.25922770000034,144.25922770000034,144.25922770000034,144.25922770000034,145.12464220000402,3,0.8594530999980634,None,145.1247691000026,145.12481980000302,None,,,,,,,,,,,,ww,encoding,2026-03-24_11h41.09.287,encoding_phase,,2025.1.1,99.7097449365213,2026-03-24 11h41.11.541743 +0530,
A wooden toothpick for giants,LOG,visual,12,12,0,,,,1,4,0.3635193000009167,None,None,,,,,,,0,12,12,12,145.13791070000298,,,,,,,,,,,,,,,,,,,,,,,,,,,,,,,,,,,,145.13614500000403,145.6239962000036,145.6239962000036,145.63072956666682,150.6272444999995,150.6272444999995,150.6272444999995,150.6272444999995,150.6272444999995,150.99379079999926,4,0.3635193000009167,None,150.9939216999992,150.99397390000377,None,,,,,,,,,,,,ww,encoding,2026-03-24_11h41.09.287,encoding_phase,,2025.1.1,99.7097449365213,2026-03-24 11h41.11.541743 +0530,
A portable sunshade,VISOR,visual,13,13,0,,,,1,4,2.326219599999604,None,None,,,,,,,0,13,13,13,151.00798450000002,,,,,,,,,,,,,,,,,,,,,,,,,,,,,,,,,,,,151.00614789999963,151.4932062000007,151.4932062000007,151.49977496666932,156.49687989999802,156.49687989999802,156.49687989999802,156.49687989999802,156.49687989999802,158.83300980000058,4,2.326219599999604,None,158.83313610000187,158.8331862999985,None,,,,,,,,,,,,ww,encoding,2026-03-24_11h41.09.287,encoding_phase,,2025.1.1,99.7097449365213,2026-03-24 11h41.11.541743 +0530,
A wooden river,PLANK,visual,14,14,0,,,,1,3,0.6831957000031252,None,None,,,,,,,0,14,14,14,158.84454790000018,,,,,,,,,,,,,,,,,,,,,,,,,,,,,,,,,,,,158.84311570000136,159.3321722000037,159.3321722000037,159.33877366666664,164.33948570000211,164.33948570000211,164.33948570000211,164.33948570000211,164.33948570000211,165.0319707000017,3,0.6831957000031252,None,165.03209800000332,165.03215179999825,None,,,,,,,,,,,,ww,encoding,2026-03-24_11h41.09.287,encoding_phase,,2025.1.1,99.7097449365213,2026-03-24 11h41.11.541743 +0530,
A pocket thunderbolt,BATTERY,visual,15,15,0,,,,1,3,0.8637204999977257,None,None,,,,,,,0,15,15,15,165.04429750000418,,,,,,,,,,,,,,,,,,,,,,,,,,,,,,,,,,,,165.04277659999934,165.53148730000248,165.53148730000248,165.5379927666693,170.53500160000112,170.53500160000112,170.53500160000112,170.53500160000112,170.53500160000112,171.4013322000028,3,0.8637204999977257,None,171.40145720000146,171.40150410000206,None,,,,,,,,,,,,ww,encoding,2026-03-24_11h41.09.287,encoding_phase,,2025.1.1,99.7097449365213,2026-03-24 11h41.11.541743 +0530,
A portable mountain,BACKPACK,visual,16,16,0,,,,1,1,0.5064483000023756,None,None,,,,,,,0,16,16,16,171.41456800000014,,,,,,,,,,,,,,,,,,,,,,,,,,,,,,,,,,,,171.41274500000145,171.9005468000032,171.9005468000032,171.90719366666988,176.90828490000422,176.90828490000422,176.90828490000422,176.90828490000422,176.90828490000422,177.42035380000016,1,0.5064483000023756,None,177.420474999999,177.4205277000001,None,,,,,,,,,,,,ww,encoding,2026-03-24_11h41.09.287,encoding_phase,,2025.1.1,99.7097449365213,2026-03-24 11h41.11.541743 +0530,
A metal river snake,PIPE,visual,17,17,0,,,,1,3,0.6135288000004948,None,space,5.663625399996818,None,,,,,0,17,17,17,177.43293280000216,,,,,,,,,,,,,,,,,,,,,,,,,,,,,,,,,,,,177.43119319999823,177.9198694000006,177.9198694000006,177.92633716666413,182.92910829999892,182.92910829999892,182.92910829999892,182.92910829999892,182.92910829999892,183.54975050000212,3,0.6135288000004948,None,183.54987500000425,189.22896010000113,space,183.55903229999967,183.55903229999967,5.663625399996818,None,,,,,,,,ww,encoding,2026-03-24_11h41.09.287,encoding_phase,,2025.1.1,99.7097449365213,2026-03-24 11h41.11.541743 +0530,
A pocket mirror for spies,COMPACT,auditory,18,18,0,,,,2,3,0.7108309999966878,None,None,,,,,,,0,18,18,18,189.27294590000383,,,,,,,,,,,,,,,,,,,,,,,,,,,,,,,,,,,,189.27088139999978,189.7283982000008,189.7283982000008,189.73494476666772,194.72778960000142,194.72778960000142,194.53800110000157,194.72778960000142,194.72778960000142,195.44804950000253,3,0.7108309999966878,None,195.4481467000005,195.44818490000034,None,,,,,,,,,,,,ww,encoding,2026-03-24_11h41.09.287,encoding_phase,,2025.1.1,99.7097449365213,2026-03-24 11h41.11.541743 +0530,
A paper forest,NEWSPAPER,auditory,19,19,0,,,,2,2,0.5317317000008188,None,None,,,,,,,0,19,19,19,195.4891138000021,,,,,,,,,,,,,,,,,,,,,,,,,,,,,,,,,,,,195.48729979999916,195.94765500000358,195.94765500000358,195.95407326666853,200.9468194000001,200.9468194000001,200.39710249999916,200.9468194000001,200.9468194000001,201.48720570000296,2,0.5317317000008188,None,201.48729959999764,201.48733670000365,None,,,,,,,,,,,,ww,encoding,2026-03-24_11h41.09.287,encoding_phase,,2025.1.1,99.7097449365213,2026-03-24 11h41.11.541743 +0530,
A polite skeleton for tents,POLE,auditory,20,20,0,,,,2,2,0.9165920000014012,None,None,,,,,,,0,20,20,20,201.5254905000038,,,,,,,,,,,,,,,,,,,,,,,,,,,,,,,,,,,,201.52344689999882,201.98673699999927,201.98673699999927,201.9934197666701,206.98616210000182,206.98616210000182,206.74629950000235,206.98616210000182,206.98616210000182,207.90661389999877,2,0.9165920000014012,None,207.90671049999946,207.90674710000167,None,,,,,,,,,,,,ww,encoding,2026-03-24_11h41.09.287,encoding_phase,,2025.1.1,99.7097449365213,2026-03-24 11h41.11.541743 +0530,
A metal umbrella for wheels,HUBCAP,auditory,21,21,0,,,,2,5,0.7934307999967132,None,None,,,,,,,0,21,21,21,207.95400650000374,,,,,,,,,,,,,,,,,,,,,,,,,,,,,,,,,,,,207.9519333999997,208.40598960000352,208.40598960000352,208.41249946666747,213.4052464999986,213.4052464999986,213.11536139999953,213.4052464999986,213.4052464999986,214.2058795999983,5,0.7934307999967132,None,214.20599239999865,214.2060369000028,None,,,,,,,,,,,,ww,encoding,2026-03-24_11h41.09.287,encoding_phase,,2025.1.1,99.7097449365213,2026-03-24 11h41.11.541743 +0530,
A wall that moves,CURTAIN,auditory,22,22,0,,,,2,2,0.6621543000001111,None,None,,,,,,,0,22,22,22,214.22850409999955,,,,,,,,,,,,,,,,,,,,,,,,,,,,,,,,,,,,214.22668089999934,214.7052232999995,214.7052232999995,214.71174716666818,219.7044384000037,219.7044384000037,218.7747109999982,219.7044384000037,219.7044384000037,220.37514580000425,2,0.6621543000001111,None,220.37526900000375,220.37533629999962,None,,,,,,,,,,,,ww,encoding,2026-03-24_11h41.09.287,encoding_phase,,2025.1.1,99.7097449365213,2026-03-24 11h41.11.541743 +0530,
A pocket library,DIARY,auditory,23,23,0,,,,2,1,0.9968184999961522,None,None,,,,,,,0,23,23,23,220.42088589999912,,,,,,,,,,,,,,,,,,,,,,,,,,,,,,,,,,,,220.41877640000166,220.874504600004,220.874504600004,220.88094156666583,225.87388890000148,225.87388890000148,225.15393829999812,225.87388890000148,225.87388890000148,226.87420120000024,1,0.9968184999961522,None,226.8743164999978,226.874358699999,None,,,,,,,,,,,,ww,encoding,2026-03-24_11h41.09.287,encoding_phase,,2025.1.1,99.7097449365213,2026-03-24 11h41.11.541743 +0530,
A silent fireworks show,STARS,auditory,24,24,0,,,,2,3,0.5536808000033488,None,None,,,,,,,0,24,24,24,226.9202226999987,,,,,,,,,,,,,,,,,,,,,,,,,,,,,,,,,,,,226.91797580000275,227.37360030000127,227.37360030000127,227.38013986666581,232.372901499999,232.372901499999,232.213167300004,232.372901499999,232.372901499999,232.93375540000125,3,0.5536808000033488,None,232.93387860000075,232.93392770000355,None,,,,,,,,,,,,ww,encoding,2026-03-24_11h41.09.287,encoding_phase,,2025.1.1,99.7097449365213,2026-03-24 11h41.11.541743 +0530,
A rock that floats,PUMICE,auditory,25,25,0,,,,2,4,0.350844300002791,None,None,,,,,,,0,25,25,25,232.98158300000068,,,,,,,,,,,,,,,,,,,,,,,,,,,,,,,,,,,,232.9790737000003,233.4330575999993,233.4330575999993,233.43949086666933,238.43219020000106,238.43219020000106,237.6924016999983,238.43219020000106,238.43219020000106,238.79291889999877,4,0.350844300002791,None,238.793053100002,238.79310270000133,None,,,,,,,,,,,,ww,encoding,2026-03-24_11h41.09.287,encoding_phase,,2025.1.1,99.7097449365213,2026-03-24 11h41.11.541743 +0530,
A metal rainbow,BRIDGE,auditory,26,26,0,,,,2,1,0.2111908000006224,None,None,,,,,,,0,26,26,26,238.81405120000272,,,,,,,,,,,,,,,,,,,,,,,,,,,,,,,,,,,,238.8123515000043,239.29218319999927,239.29218319999927,239.29871766666864,244.29149920000054,244.29149920000054,243.39183960000082,244.29149920000054,244.29149920000054,244.51226750000205,1,0.2111908000006224,None,244.51239129999885,244.51243850000174,None,,,,,,,,,,,,ww,encoding,2026-03-24_11h41.09.287,encoding_phase,,2025.1.1,99.7097449365213,2026-03-24 11h41.11.541743 +0530,
A sky anchor,HELICOPTER,auditory,27,27,0,,,,2,3,1.243655400001444,None,None,,,,,,,0,27,27,27,244.54876479999803,,,,,,,,,,,,,,,,,,,,,,,,,,,,,,,,,,,,244.5468217000016,245.0115380999996,245.0115380999996,245.01814256667083,250.01092059999792,250.01092059999792,249.27116699999897,250.01092059999792,250.01092059999792,251.26142310000432,3,1.243655400001444,None,251.26154379999934,251.2615908000007,None,,,,,,,,,,,,ww,encoding,2026-03-24_11h41.09.287,encoding_phase,,2025.1.1,99.7097449365213,2026-03-24 11h41.11.541743 +0530,
A snowman's spare nose,CARROT,auditory,28,28,0,,,,2,3,0.8387961000044015,None,None,,,,,,,0,28,28,28,251.3072986000043,,,,,,,,,,,,,,,,,,,,,,,,,,,,,,,,,,,,251.30532200000016,251.76082560000214,251.76082560000214,251.76726256667123,256.7599184999999,256.7599184999999,256.2799981999997,256.7599184999999,256.7599184999999,257.6006389000031,3,0.8387961000044015,None,257.6007629000014,257.60081229999923,None,,,,,,,,,,,,ww,encoding,2026-03-24_11h41.09.287,encoding_phase,,2025.1.1,99.7097449365213,2026-03-24 11h41.11.541743 +0530,
A cloud on a stick,COTTONCANDY,auditory,29,29,0,,,,2,5,1.3154673999961233,None,None,,,,,,,0,29,29,29,257.6460406000042,,,,,,,,,,,,,,,,,,,,,,,,,,,,,,,,,,,,257.6440875999979,258.0999501999977,258.0999501999977,258.10652486666754,263.0990768999982,263.0990768999982,262.66935309999826,263.0990768999982,263.0990768999982,264.41984790000424,5,1.3154673999961233,None,264.41998250000324,264.4200361999974,None,,,,,,,,,,,,ww,encoding,2026-03-24_11h41.09.287,encoding_phase,,2025.1.1,99.7097449365213,2026-03-24 11h41.11.541743 +0530,
A metal tree with traffic fruit,TRAFFICLIGHT,auditory,30,30,0,,,,2,3,0.941526899994642,None,None,,,,,,,0,30,30,30,264.4747720000014,,,,,,,,,,,,,,,,,,,,,,,,,,,,,,,,,,,,264.4726482000042,264.9188918,264.9188918,264.92534406666914,269.9289357000016,269.9289357000016,269.9289357000016,269.9289357000016,269.9289357000016,270.87845709999965,3,0.941526899994642,None,270.8785543999984,270.87859310000204,None,,,,,,,,,,,,ww,encoding,2026-03-24_11h41.09.287,encoding_phase,,2025.1.1,99.7097449365213,2026-03-24 11h41.11.541743 +0530,
A flying door,WINDOW,auditory,31,31,0,,,,2,3,0.7651162999973167,None,None,,,,,,,0,31,31,31,270.91682559999754,,,,,,,,,,,,,,,,,,,,,,,,,,,,,,,,,,,,270.9148228999984,271.3780612000046,271.3780612000046,271.3846438666699,276.3774720000001,276.3774720000001,275.4874947999997,276.3774720000001,276.3774720000001,277.1480238000004,3,0.7651162999973167,None,277.1481558000014,277.14820780000446,None,,,,,,,,,,,,ww,encoding,2026-03-24_11h41.09.287,encoding_phase,,2025.1.1,99.7097449365213,2026-03-24 11h41.11.541743 +0530,
A pocket sun,FLASHLIGHT,auditory,32,32,0,,,,2,5,0.44001610000123037,None,None,,,,,,,0,32,32,32,277.1855448999995,,,,,,,,,,,,,,,,,,,,,,,,,,,,,,,,,,,,277.1835701000018,277.64726189999783,277.64726189999783,277.6538562666649,282.6466120999976,282.6466120999976,281.9066062999991,282.6466120999976,282.6466120999976,283.0972271999999,5,0.44001610000123037,None,283.0973493999991,283.09739799999807,None,,,,,,,,,,,,ww,encoding,2026-03-24_11h41.09.287,encoding_phase,,2025.1.1,99.7097449365213,2026-03-24 11h41.11.541743 +0530,
A portable thundercloud,DRUM,auditory,33,33,0,,,,2,1,0.43475589999434305,None,None,,,,,,,0,33,33,33,283.1298547999977,,,,,,,,,,,,,,,,,,,,,,,,,,,,,,,,,,,,283.12804799999867,283.5965428999989,283.5965428999989,283.6031481666689,288.5958555000034,288.5958555000034,287.969342700002,288.5958555000034,288.5958555000034,289.036230800004,1,0.43475589999434305,None,289.0363454000035,289.03640570000425,None,,,,,,,,,,,,ww,encoding,2026-03-24_11h41.09.287,encoding_phase,,2025.1.1,99.7097449365213,2026-03-24 11h41.11.541743 +0530,
A sleepy mountain,VOLCANO,auditory,34,34,0,,,,2,5,2.2234438999948907,None,None,,,,,,,0,34,34,34,289.08861450000404,,,,,,,,,,,,,,,,,,,,,,,,,,,,,,,,,,,,289.0866526000027,289.5358152999979,289.5358152999979,289.542389866667,294.5352045000036,294.5352045000036,293.8352535000013,294.5352045000036,294.5352045000036,296.7654201000041,5,2.2234438999948907,None,296.76553389999754,296.76557709999906,None,,,,,,,,,,,,ww,encoding,2026-03-24_11h41.09.287,encoding_phase,,2025.1.1,99.7097449365213,2026-03-24 11h41.11.541743 +0530,
A metal spider for paper,STAPLER,auditory,35,35,0,,,,2,1,0.5586187000008067,None,space,11.804729999996198,None,,,,,0,35,35,35,296.7879949999988,,,,,,,,,,,,,,,,,,,,,,,,,,,,,,,,,,,,296.78609680000227,297.26484390000405,297.26484390000405,297.2713001666673,302.26401640000404,302.26401640000404,301.9543976999994,302.26401640000404,302.26401640000404,302.8246298000013,1,0.5586187000008067,None,302.8247455000019,314.64319120000437,space,302.8339956999989,302.8339956999989,11.804729999996198,None,,,,,,,,ww,encoding,2026-03-24_11h41.09.287,encoding_phase,,2025.1.1,99.7097449365213,2026-03-24 11h41.11.541743 +0530,
A polite thunderbolt,FLASH,visual,36,36,0,,,,3,2,0.5778708000070765,None,None,,,,,,,0,36,36,36,314.65738070000225,,,,,,,,,,,,,,,,,,,,,,,,,,,,,,,,,,,,314.65570899999875,315.1424784000046,315.1424784000046,315.1490657666693,320.14880200000334,320.14880200000334,320.14880200000334,320.14880200000334,320.14880200000334,320.73236120000365,2,0.5778708000070765,None,320.7324840000001,320.7325353999986,None,,,,,,,,,,,,ww,encoding,2026-03-24_11h41.09.287,encoding_phase,,2025.1.1,99.7097449365213,2026-03-24 11h41.11.541743 +0530,
A glass shoe for science,BEAKER,visual,37,37,0,,,,3,3,1.4034327999979723,None,None,,,,,,,0,37,37,37,320.74640910000016,,,,,,,,,,,,,,,,,,,,,,,,,,,,,,,,,,,,320.7446706000046,321.2318549999982,321.2318549999982,321.2382784666663,326.2352746000033,326.2352746000033,326.2352746000033,326.2352746000033,326.2352746000033,327.6416176999992,3,1.4034327999979723,None,327.6417285999996,327.64177039999777,None,,,,,,,,,,,,ww,encoding,2026-03-24_11h41.09.287,encoding_phase,,2025.1.1,99.7097449365213,2026-03-24 11h41.11.541743 +0530,
A paper boat for money,WALLET,visual,38,38,0,,,,3,1,1.1795388999962597,None,None,,,,,,,0,38,38,38,327.6540152000016,,,,,,,,,,,,,,,,,,,,,,,,,,,,,,,,,,,,327.65226319999783,328.14090820000274,328.14090820000274,328.14750136666794,333.14700129999983,333.14700129999983,333.14700129999983,333.14700129999983,333.14700129999983,334.33060079999996,1,1.1795388999962597,None,334.33071070000005,334.33075230000395,None,,,,,,,,,,,,ww,encoding,2026-03-24_11h41.09.287,encoding_phase,,2025.1.1,99.7097449365213,2026-03-24 11h41.11.541743 +0530,
A frozen river bridge,ICEBRIDGE,visual,39,39,0,,,,3,1,0.4005944000018644,None,None,,,,,,,0,39,39,39,334.345278300003,,,,,,,,,,,,,,,,,,,,,,,,,,,,,,,,,,,,334.3437455000021,334.8302191999974,334.8302191999974,334.83679126666925,339.8382012000002,339.8382012000002,339.8382012000002,339.8382012000002,339.8382012000002,340.23985840000387,1,0.4005944000018644,None,340.239985799999,340.24003800000355,None,,,,,,,,,,,,ww,encoding,2026-03-24_11h41.09.287,encoding_phase,,2025.1.1,99.7097449365213,2026-03-24 11h41.11.541743 +0530,
A metal sunflower seed,NUT,visual,40,40,0,,,,3,5,1.2608697999967262,None,None,,,,,,,0,40,40,40,340.2531841000018,,,,,,,,,,,,,,,,,,,,,,,,,,,,,,,,,,,,340.2516212000046,340.73930629999813,340.73930629999813,340.7458920666652,345.7456706000012,345.7456706000012,345.7456706000012,345.7456706000012,345.7456706000012,347.00905010000133,5,1.2608697999967262,None,347.0091786999983,347.0092263999977,None,,,,,,,,,,,,ww,encoding,2026-03-24_11h41.09.287,encoding_phase,,2025.1.1,99.7097449365213,2026-03-24 11h41.11.541743 +0530,
A sleepy ladder,STAIRS,visual,41,41,0,,,,3,1,0.2658649999939371,None,None,,,,,,,0,41,41,41,347.02276159999747,,,,,,,,,,,,,,,,,,,,,,,,,,,,,,,,,,,,347.0210969000036,347.5085151000021,347.5085151000021,347.51500016666637,352.51670100000047,352.51670100000047,352.51670100000047,352.51670100000047,352.51670100000047,352.78827060000185,1,0.2658649999939371,None,352.78839739999967,352.788446999999,None,,,,,,,,,,,,ww,encoding,2026-03-24_11h41.09.287,encoding_phase,,2025.1.1,99.7097449365213,2026-03-24 11h41.11.541743 +0530,
A sleepy paintbrush,MOP,visual,42,42,0,,,,3,2,1.403656199996476,None,None,,,,,,,0,42,42,42,352.8008797000002,,,,,,,,,,,,,,,,,,,,,,,,,,,,,,,,,,,,352.79921950000426,353.28762409999763,353.28762409999763,353.29429236666715,358.2989290999976,358.2989290999976,358.2989290999976,358.2989290999976,358.2989290999976,359.7075396,2,1.403656199996476,None,359.7076784000019,359.70772820000275,None,,,,,,,,,,,,ww,encoding,2026-03-24_11h41.09.287,encoding_phase,,2025.1.1,99.7097449365213,2026-03-24 11h41.11.541743 +0530,
A wall with lungs,WINDOWSCREEN,visual,43,43,0,,,,3,4,0.6213512000031187,None,None,,,,,,,0,43,43,43,359.7210187000019,,,,,,,,,,,,,,,,,,,,,,,,,,,,,,,,,,,,359.71921190000285,360.2069636000015,360.2069636000015,360.21365166666897,365.21720279999863,365.21720279999863,365.21720279999863,365.21720279999863,365.21720279999863,365.84687940000003,4,0.6213512000031187,None,365.84700560000056,365.84705560000293,None,,,,,,,,,,,,ww,encoding,2026-03-24_11h41.09.287,encoding_phase,,2025.1.1,99.7097449365213,2026-03-24 11h41.11.541743 +0530,
A pocket blizzard,TISSUE,visual,44,44,0,,,,3,2,2.265830000003916,None,None,,,,,,,0,44,44,44,365.8605650000027,,,,,,,,,,,,,,,,,,,,,,,,,,,,,,,,,,,,365.8585602000021,366.3462658999997,366.3462658999997,366.3527819666672,371.35675540000375,371.35675540000375,371.35675540000375,371.35675540000375,371.35675540000375,373.62587789999816,2,2.265830000003916,None,373.6260027000026,373.6260498999982,None,,,,,,,,,,,,ww,encoding,2026-03-24_11h41.09.287,encoding_phase,,2025.1.1,99.7097449365213,2026-03-24 11h41.11.541743 +0530,
A book for recipes,COOKBOOK,visual,45,45,0,,,,3,3,1.471274399998947,None,None,,,,,,,0,45,45,45,373.63997940000263,,,,,,,,,,,,,,,,,,,,,,,,,,,,,,,,,,,,373.63816809999844,374.1253708000004,374.1253708000004,374.13185996666675,379.1353644999981,379.1353644999981,379.1353644999981,379.1353644999981,379.1353644999981,380.6152688000002,3,1.471274399998947,None,380.61540989999776,380.6154630000019,None,,,,,,,,,,,,ww,encoding,2026-03-24_11h41.09.287,encoding_phase,,2025.1.1,99.7097449365213,2026-03-24 11h41.11.541743 +0530,
A sleepless neighborhood rooster,SIREN,visual,46,46,0,,,,3,4,1.1725434999971185,None,None,,,,,,,0,46,46,46,380.6310014999981,,,,,,,,,,,,,,,,,,,,,,,,,,,,,,,,,,,,380.62926490000245,381.1144229999991,381.1144229999991,381.12100816666884,386.1220687000023,386.1220687000023,386.1220687000023,386.1220687000023,386.1220687000023,387.3038383000021,4,1.1725434999971185,None,387.3039484000037,387.30399330000364,None,,,,,,,,,,,,ww,encoding,2026-03-24_11h41.09.287,encoding_phase,,2025.1.1,99.7097449365213,2026-03-24 11h41.11.541743 +0530,
A polite mirror for time,WATCH,visual,47,47,0,,,,3,5,1.4608078000019304,None,None,,,,,,,0,47,47,47,387.31598269999813,,,,,,,,,,,,,,,,,,,,,,,,,,,,,,,,,,,,387.3144788999998,387.8034430999978,387.8034430999978,387.8101108666708,392.8099616000036,392.8099616000036,392.8099616000036,392.8099616000036,392.8099616000036,394.27320699999837,5,1.4608078000019304,None,394.2733307000017,394.27337709999847,None,,,,,,,,,,,,ww,encoding,2026-03-24_11h41.09.287,encoding_phase,,2025.1.1,99.7097449365213,2026-03-24 11h41.11.541743 +0530,
A rock pillow,BOULDER,visual,48,48,0,,,,3,2,0.958817500002624,None,None,,,,,,,0,48,48,48,394.2861038999981,,,,,,,,,,,,,,,,,,,,,,,,,,,,,,,,,,,,394.2844710999998,394.7724675999998,394.7724675999998,394.7790907666679,399.7758018000022,399.7758018000022,399.7758018000022,399.7758018000022,399.7758018000022,400.7422824000023,2,0.958817500002624,None,400.7423987000002,400.7424441999974,None,,,,,,,,,,,,ww,encoding,2026-03-24_11h41.09.287,encoding_phase,,2025.1.1,99.7097449365213,2026-03-24 11h41.11.541743 +0530,
A glass ladder for drinking,STRAW,visual,49,49,0,,,,3,1,1.3467302000062773,None,None,,,,,,,0,49,49,49,400.7571085000018,,,,,,,,,,,,,,,,,,,,,,,,,,,,,,,,,,,,400.75538020000386,401.24177580000105,401.24177580000105,401.24840006667023,406.24386159999995,406.24386159999995,406.24386159999995,406.24386159999995,406.24386159999995,407.5914933000022,1,1.3467302000062773,None,407.59162070000457,407.5916681000017,None,,,,,,,,,,,,ww,encoding,2026-03-24_11h41.09.287,encoding_phase,,2025.1.1,99.7097449365213,2026-03-24 11h41.11.541743 +0530,
A polite cage for books,BOOKCASE,visual,50,50,0,,,,3,2,1.4600416999965091,None,None,,,,,,,0,50,50,50,407.60467960000096,,,,,,,,,,,,,,,,,,,,,,,,,,,,,,,,,,,,407.6029017000037,408.0906423999986,408.0906423999986,408.0976287666674,413.0987187999999,413.0987187999999,413.0987187999999,413.0987187999999,413.0987187999999,414.56097600000066,2,1.4600416999965091,None,414.561114600001,414.5611638000046,None,,,,,,,,,,,,ww,encoding,2026-03-24_11h41.09.287,encoding_phase,,2025.1.1,99.7097449365213,2026-03-24 11h41.11.541743 +0530,
A striped escape artist,ZEBRA,visual,51,51,0,,,,3,5,2.128804799998761,None,None,,,,,,,0,51,51,51,414.57635850000224,,,,,,,,,,,,,,,,,,,,,,,,,,,,,,,,,,,,414.5747607000012,415.0599244999976,415.0599244999976,415.0664606666653,420.0701610000033,420.0701610000033,420.0701610000033,420.0701610000033,420.0701610000033,422.20982450000156,5,2.128804799998761,None,422.20995409999887,422.21019109999907,None,,,,,,,,,,,,ww,encoding,2026-03-24_11h41.09.287,encoding_phase,,2025.1.1,99.7097449365213,2026-03-24 11h41.11.541743 +0530,
A portable shadow maker,UMBRELLA,visual,52,52,0,,,,3,5,0.450579900003504,None,None,,,,,,,0,52,52,52,422.22706520000065,,,,,,,,,,,,,,,,,,,,,,,,,,,,,,,,,,,,422.22548539999843,422.7090160000007,422.7090160000007,422.7155117666664,427.71632330000284,427.71632330000284,427.71632330000284,427.71632330000284,427.71632330000284,428.1688127000016,5,0.450579900003504,None,428.1689583999978,428.1690086000017,None,,,,,,,,,,,,ww,encoding,2026-03-24_11h41.09.287,encoding_phase,,2025.1.1,99.7097449365213,2026-03-24 11h41.11.541743 +0530,
A sleepy computer,SERVER,visual,53,53,0,,,,3,3,0.6027488999970956,None,space,8.925111299999116,None,,,,,0,53,53,53,428.1819331000006,,,,,,,,,,,,,,,,,,,,,,,,,,,,,,,,,,,,428.1803299000021,428.6681227000008,428.6681227000008,428.6747752666672,433.67603200000303,433.67603200000303,433.67603200000303,433.67603200000303,433.67603200000303,434.2879993000024,3,0.6027488999970956,None,434.2881209999978,443.22682429999986,space,434.2975121999989,434.2975121999989,8.925111299999116,None,,,,,,,,ww,encoding,2026-03-24_11h41.09.287,encoding_phase,,2025.1.1,99.7097449365213,2026-03-24 11h41.11.541743 +0530,
A book with teeth,ZIPPER,auditory,54,54,0,,,,4,4,0.792931399999361,None,None,,,,,,,0,54,54,54,443.25123970000277,,,,,,,,,,,,,,,,,,,,,,,,,,,,,,,,,,,,443.2492521000022,443.72625929999776,443.72625929999776,443.7328878666706,448.72564180000336,448.72564180000336,447.78571119999833,448.72564180000336,448.72564180000336,449.5262217999989,4,0.792931399999361,None,449.52635369999916,449.5264057000022,None,,,,,,,,,,,,ww,encoding,2026-03-24_11h41.09.287,encoding_phase,,2025.1.1,99.7097449365213,2026-03-24 11h41.11.541743 +0530,
A sky leash,KITE,auditory,55,55,0,,,,4,2,1.1820060999962152,None,None,,,,,,,0,55,55,55,449.5691625000036,,,,,,,,,,,,,,,,,,,,,,,,,,,,,,,,,,,,449.56701769999927,450.0256156000032,450.0256156000032,450.0320253666689,455.02477440000075,455.02477440000075,453.90507490000164,455.02477440000075,455.02477440000075,456.21526019999874,2,1.1820060999962152,None,456.215406000003,456.21545830000105,None,,,,,,,,,,,,ww,encoding,2026-03-24_11h41.09.287,encoding_phase,,2025.1.1,99.7097449365213,2026-03-24 11h41.11.541743 +0530,
A metal pillow for ships,DOCK,auditory,56,56,0,,,,4,4,0.5011354000016581,None,None,,,,,,,0,56,56,56,456.2435103000025,,,,,,,,,,,,,,,,,,,,,,,,,,,,,,,,,,,,456.24090720000095,456.71468650000315,456.71468650000315,456.72135096666557,461.71398880000197,461.71398880000197,461.0940905000025,461.71398880000197,461.71398880000197,462.2246454999986,4,0.5011354000016581,None,462.22477349999826,462.224824500001,None,,,,,,,,,,,,ww,encoding,2026-03-24_11h41.09.287,encoding_phase,,2025.1.1,99.7097449365213,2026-03-24 11h41.11.541743 +0530,
A metal butterfly,CLIP,auditory,57,57,0,,,,4,5,0.4834169999958249,None,None,,,,,,,0,57,57,57,462.2762157000034,,,,,,,,,,,,,,,,,,,,,,,,,,,,,,,,,,,,462.27427880000323,462.72396350000054,462.72396350000054,462.7303993666685,467.72329210000316,467.72329210000316,466.78604630000336,467.72329210000316,467.72329210000316,468.2137492000038,5,0.4834169999958249,None,468.21387839999807,468.2139301999996,None,,,,,,,,,,,,ww,encoding,2026-03-24_11h41.09.287,encoding_phase,,2025.1.1,99.7097449365213,2026-03-24 11h41.11.541743 +0530,
A polite prison for tea,TEAPOT,auditory,58,58,0,,,,4,4,0.7262786999999662,None,None,,,,,,,0,58,58,58,468.2564110000021,,,,,,,,,,,,,,,,,,,,,,,,,,,,,,,,,,,,468.2543924999991,468.71324150000146,468.71324150000146,468.7197005666642,473.71238730000186,473.71238730000186,473.282693000001,473.71238730000186,473.71238730000186,474.4428889000046,4,0.7262786999999662,None,474.4429966000025,474.443039400001,None,,,,,,,,,,,,ww,encoding,2026-03-24_11h41.09.287,encoding_phase,,2025.1.1,99.7097449365213,2026-03-24 11h41.11.541743 +0530,
A paper road,MAP,auditory,59,59,0,,,,4,1,0.6970370000053663,None,None,,,,,,,0,59,59,59,474.48223000000144,,,,,,,,,,,,,,,,,,,,,,,,,,,,,,,,,,,,474.4802523000035,474.942546899998,474.942546899998,474.9489364666699,479.94177160000254,479.94177160000254,478.9320899000013,479.94177160000254,479.94177160000254,480.64251779999904,1,0.6970370000053663,None,480.64264350000303,480.6426896999983,None,,,,,,,,,,,,ww,encoding,2026-03-24_11h41.09.287,encoding_phase,,2025.1.1,99.7097449365213,2026-03-24 11h41.11.541743 +0530,
A pocket desert,SAND,auditory,60,60,0,,,,4,2,0.9217225999964285,None,None,,,,,,,0,60,60,60,480.68670810000185,,,,,,,,,,,,,,,,,,,,,,,,,,,,,,,,,,,,480.68455299999914,481.14179149999836,481.14179149999836,481.1480825666697,486.1409550000026,486.1409550000026,485.3711648000026,486.1409550000026,486.1409550000026,487.0714842000016,2,0.9217225999964285,None,487.07160970000405,487.071660900001,None,,,,,,,,,,,,ww,encoding,2026-03-24_11h41.09.287,encoding_phase,,2025.1.1,99.7097449365213,2026-03-24 11h41.11.541743 +0530,
A portable cave,BOX,auditory,61,61,0,,,,4,3,1.3808799000034924,None,None,,,,,,,0,61,61,61,487.114021100002,,,,,,,,,,,,,,,,,,,,,,,,,,,,,,,,,,,,487.11186550000275,487.570988200001,487.570988200001,487.57762236666554,492.5702706000011,492.5702706000011,491.7103519000011,492.5702706000011,492.5702706000011,493.96074310000404,3,1.3808799000034924,None,493.96085440000024,493.96089660000143,None,,,,,,,,,,,,ww,encoding,2026-03-24_11h41.09.287,encoding_phase,,2025.1.1,99.7097449365213,2026-03-24 11h41.11.541743 +0530,
A pocket rainbow,CRAYON,auditory,62,62,0,,,,4,4,0.9711453999989317,None,None,,,,,,,0,62,62,62,493.98599549999926,,,,,,,,,,,,,,,,,,,,,,,,,,,,,,,,,,,,493.98403939999844,494.4600788000025,494.4600788000025,494.4664877666694,499.459623499999,499.459623499999,498.66930290000164,499.459623499999,499.459623499999,500.43994660000317,4,0.9711453999989317,None,500.4400588999997,500.4401035000046,None,,,,,,,,,,,,ww,encoding,2026-03-24_11h41.09.287,encoding_phase,,2025.1.1,99.7097449365213,2026-03-24 11h41.11.541743 +0530,
A polite cage for hands,GLOVE,auditory,63,63,0,,,,4,1,1.2759192000012263,None,None,,,,,,,0,63,63,63,500.4636260999978,,,,,,,,,,,,,,,,,,,,,,,,,,,,,,,,,,,,500.46191980000003,500.9394766000041,500.9394766000041,500.94591486666855,505.93864439999743,505.93864439999743,505.55326320000313,505.93864439999743,505.93864439999743,507.21888330000365,1,1.2759192000012263,None,507.2190388000017,507.2190952000019,None,,,,,,,,,,,,ww,encoding,2026-03-24_11h41.09.287,encoding_phase,,2025.1.1,99.7097449365213,2026-03-24 11h41.11.541743 +0530,
A pocket tornado,FAN,auditory,64,64,0,,,,4,4,0.25694020000082674,None,None,,,,,,,0,64,64,64,507.2443549000018,,,,,,,,,,,,,,,,,,,,,,,,,,,,,,,,,,,,507.24239220000163,507.71833160000097,507.71833160000097,507.72487986666624,512.7175951000027,512.7175951000027,512.017577300001,512.7175951000027,512.7175951000027,512.9779022000002,4,0.25694020000082674,None,512.9780027000015,512.9780417000002,None,,,,,,,,,,,,ww,encoding,2026-03-24_11h41.09.287,encoding_phase,,2025.1.1,99.7097449365213,2026-03-24 11h41.11.541743 +0530,
A sun-powered eye,SOLARPANEL,auditory,65,65,0,,,,4,5,0.30570340000122087,None,None,,,,,,,0,65,65,65,513.0244825000045,,,,,,,,,,,,,,,,,,,,,,,,,,,,,,,,,,,,513.0224826999984,513.4775043000045,513.4775043000045,513.484061366664,518.4768595999994,518.4768595999994,517.9769041000036,518.4768595999994,518.4768595999994,518.7871945000006,5,0.30570340000122087,None,518.7873020000043,518.7873439000032,None,,,,,,,,,,,,ww,encoding,2026-03-24_11h41.09.287,encoding_phase,,2025.1.1,99.7097449365213,2026-03-24 11h41.11.541743 +0530,
A paper airplane graveyard,TRASHCAN,auditory,66,66,0,,,,4,4,0.6644200000009732,None,None,,,,,,,0,66,66,66,518.8348454000006,,,,,,,,,,,,,,,,,,,,,,,,,,,,,,,,,,,,518.8327389000042,519.2867578000005,519.2867578000005,519.2933764666707,524.2861295000039,524.2861295000039,524.2662109000012,524.2861295000039,524.2861295000039,524.9564728999976,4,0.6644200000009732,None,524.9565715999997,524.9566095000046,None,,,,,,,,,,,,ww,encoding,2026-03-24_11h41.09.287,encoding_phase,,2025.1.1,99.7097449365213,2026-03-24 11h41.11.541743 +0530,
A glass pillow,LENS,auditory,67,67,0,,,,4,3,2.135410100003355,None,None,,,,,,,0,67,67,67,524.9931297000003,,,,,,,,,,,,,,,,,,,,,,,,,,,,,,,,,,,,524.990961800002,525.4560620999982,525.4560620999982,525.4625337666696,530.4552203999992,530.4552203999992,529.4957515999995,530.4552203999992,530.4552203999992,532.595642100001,3,2.135410100003355,None,532.5957496999981,532.5957905000032,None,,,,,,,,,,,,ww,encoding,2026-03-24_11h41.09.287,encoding_phase,,2025.1.1,99.7097449365213,2026-03-24 11h41.11.541743 +0530,
A polite cage for light,LAMPSHADE,auditory,68,68,0,,,,4,2,1.7125215000050957,None,None,,,,,,,0,68,68,68,532.6403496999992,,,,,,,,,,,,,,,,,,,,,,,,,,,,,,,,,,,,532.6383128000016,533.0950892000037,533.0950892000037,533.1015696666693,538.0942800999983,538.0942800999983,537.8275619999986,538.0942800999983,538.0942800999983,539.8147237000012,2,1.7125215000050957,None,539.8148466999992,539.8148969000031,None,,,,,,,,,,,,ww,encoding,2026-03-24_11h41.09.287,encoding_phase,,2025.1.1,99.7097449365213,2026-03-24 11h41.11.541743 +0530,
A sleepy spotlight,MOON,auditory,69,69,0,,,,4,4,0.5415171999993618,None,None,,,,,,,0,69,69,69,539.855021299998,,,,,,,,,,,,,,,,,,,,,,,,,,,,,,,,,,,,539.8530690000043,540.3141305000026,540.3141305000026,540.3207551666676,545.3134044000035,545.3134044000035,544.4738030000008,545.3134044000035,545.3134044000035,545.8640033999982,4,0.5415171999993618,None,545.8640654999981,545.8640873999975,None,,,,,,,,,,,,ww,encoding,2026-03-24_11h41.09.287,encoding_phase,,2025.1.1,99.7097449365213,2026-03-24 11h41.11.541743 +0530,
A rainproof shell on legs,TURTLE,auditory,70,70,0,,,,4,5,3.1003450999996858,None,None,,,,,,,0,70,70,70,545.8838407000003,,,,,,,,,,,,,,,,,,,,,,,,,,,,,,,,,,,,545.8815078000043,546.3633603999988,546.3633603999988,546.3699985666647,551.3626917000001,551.3626917000001,550.982809000001,551.3626917000001,551.3626917000001,554.4728153000033,5,3.1003450999996858,None,554.4729198999994,554.472960500003,None,,,,,,,,,,,,ww,encoding,2026-03-24_11h41.09.287,encoding_phase,,2025.1.1,99.7097449365213,2026-03-24 11h41.11.541743 +0530,
A metal shoebox for wheels,GARAGE,auditory,71,71,0,,,,4,3,3.739638899998681,None,None,,,,,,,0,71,71,71,554.5200865000006,,,,,,,,,,,,,,,,,,,,,,,,,,,,,,,,,,,,554.5181322999997,554.9723069000029,554.9723069000029,554.9788300666662,559.9715254000039,559.9715254000039,559.7616878999979,559.9715254000039,559.9715254000039,563.7119989999992,3,3.739638899998681,None,563.7121215000006,563.7121640999976,None,,,,,,,,,,,,ww,encoding,2026-03-24_11h41.09.287,encoding_phase,,2025.1.1,99.7097449365213,2026-03-24 11h41.11.541743 +0530,
,,,,,,,,,,,,,,,,,,,,,,,,,,,,,,,,,,,,,,,,,,,,,,,,,,,,,,,,,,,,,,,,,,,,,,,,,,,,,,,,563.7123417999974,563.7212344,563.7212344,568.2213888000042,space,4.493260100003681,None,ww,encoding,2026-03-24_11h41.09.287,encoding_phase,,2025.1.1,99.7097449365213,2026-03-24 11h41.11.541743 +0530,
