definition,word,old_new,correct_old_new,thisN,thisTrialN,thisRepN,typed_response_2.text,recall_submit_2.keys,recall_submit_2.rt,recall_submit_2.duration,recog_key_2.keys,recog_key_2.rt,recog_key_2.duration,source_key_2.keys,rk_response_2.keys,source_key_2.rt,source_key_2.duration,rk_response_2.rt,rk_response_2.duration,typed_response.text,recall_submit.keys,recall_submit.rt,recall_submit.duration,recog_key.keys,recog_key.rt,recog_key.duration,source_key.keys,rk_response.keys,source_key.rt,source_key.duration,rk_response.rt,rk_response.duration,prac_trials.thisRepN,prac_trials.thisTrialN,prac_trials.thisN,prac_trials.thisIndex,trials_retrieval.thisRepN,trials_retrieval.thisTrialN,trials_retrieval.thisN,trials_retrieval.thisIndex,thisRow.t,notes,instructions.started,text.started,key_resp.started,instructions.stopped,key_resp.keys,key_resp.rt,key_resp.duration,instructions2.started,text_3.started,key_resp_4.started,instructions2.stopped,key_resp_4.keys,key_resp_4.rt,key_resp_4.duration,prac_instructions.started,prac_inst.started,prac_key.started,prac_instructions.stopped,prac_key.keys,prac_key.rt,prac_key.duration,prac_cued_recall.started,recall_prompt_2.started,typed_response_2.started,recall_submit_2.started,prac_cued_recall.stopped,prac_trials.typed_response_2.text,prac_trials.recall_submit_2.keys,prac_trials.recall_submit_2.rt,prac_trials.recall_submit_2.duration,prac_recog.started,recog_prompt_2.started,recog_key_2.started,prac_recog.stopped,prac_trials.recog_key_2.keys,prac_trials.recog_key_2.rt,prac_trials.recog_key_2.duration,prac_source.started,prac_source.stopped,prac_trials.source_key_2.keys,prac_rem_know.started,prac_rem_know.stopped,prac_trials.rk_response_2.keys,source_prompt_2.started,source_key_2.started,prac_trials.source_key_2.rt,prac_trials.source_key_2.duration,rk_prompt_2.started,rk_response_2.started,prac_trials.rk_response_2.rt,prac_trials.rk_response_2.duration,main_exp_inst.started,text_4.started,key_resp_3.started,main_exp_inst.stopped,key_resp_3.keys,key_resp_3.rt,key_resp_3.duration,cued_recall.started,recall_prompt.started,typed_response.started,recall_submit.started,cued_recall.stopped,trials_retrieval.typed_response.text,trials_retrieval.recall_submit.keys,trials_retrieval.recall_submit.rt,trials_retrieval.recall_submit.duration,recognition.started,recog_prompt.started,recog_key.started,recognition.stopped,trials_retrieval.recog_key.keys,trials_retrieval.recog_key.rt,trials_retrieval.recog_key.duration,source_memory.started,source_memory.stopped,trials_retrieval.source_key.keys,rem_know.started,rem_know.stopped,trials_retrieval.rk_response.keys,source_prompt.started,source_key.started,trials_retrieval.source_key.rt,trials_retrieval.source_key.duration,rk_prompt.started,rk_response.started,trials_retrieval.rk_response.rt,trials_retrieval.rk_response.duration,end.started,text_2.started,key_resp_2.started,end.stopped,key_resp_2.keys,key_resp_2.rt,key_resp_2.duration,participant,session,date,expName,expVersion,psychopyVersion,frameRate,expStart,
,,,,,,,,,,,,,,,,,,,,,,,,,,,,,,,,,,,,,,,,,,,0.001873500004876405,0.004190800005744677,0.004190800005744677,4.287096300002304,space,4.274299099997734,None,,,,,,,,,,,,,,,,,,,,,,,,,,,,,,,,,,,,,,,,,,,,,,,,,,,,,,,,,,,,,,,,,,,,,,,,,,,,,,,,,,,,,,,,,ww,retrieval_30min,2026-03-24_12h15.32.218,retrieval_30min,,2025.1.1,99.98850132354767,2026-03-24 12h15.35.469366 +0530,
,,,,,,,,,,,,,,,,,,,,,,,,,,,,,,,,,,,,,,,,,,,,,,,,,,4.287161400003242,4.291816800003289,4.291816800003289,4.9911859999992885,space,0.691009900001518,None,,,,,,,,,,,,,,,,,,,,,,,,,,,,,,,,,,,,,,,,,,,,,,,,,,,,,,,,,,,,,,,,,,,,,,,,,,,,,,,,,,ww,retrieval_30min,2026-03-24_12h15.32.218,retrieval_30min,,2025.1.1,99.98850132354767,2026-03-24 12h15.35.469366 +0530,
,,,,,,,,,,,,,,,,,,,,,,,,,,,,,,,,,,,,,,,,,,,,,,,,,,,,,,,,,4.991262200004712,5.000162399999681,5.000162399999681,6.120637100000749,space,1.1183455999998841,None,,,,,,,,,,,,,,,,,,,,,,,,,,,,,,,,,,,,,,,,,,,,,,,,,,,,,,,,,,,,,,,,,,,,,,,,,,,ww,retrieval_30min,2026-03-24_12h15.32.218,retrieval_30min,,2025.1.1,99.98850132354767,2026-03-24 12h15.35.469366 +0530,
A hot drink in a mug,COFFEE,new,no,0,0,0,"coffee
",return,4.3704518000013195,None,n,2.30647759999556,None,None,None,,,,,,,,,,,,,,,,,,0,0,0,5,,,,,6.130232000003161,,,,,,,,,,,,,,,,,,,,,,,6.128204300002835,6.619959499999823,6.619959499999823,6.619959499999823,10.999616699999024,"coffee
",return,4.3704518000013195,None,11.004577200001222,11.500031399998988,11.500031399998988,13.809868900003494,n,2.30647759999556,None,13.809976399999869,13.810032200002752,None,13.81007910000335,13.810116700005892,None,,,,,,,,,,,,,,,,,,,,,,,,,,,,,,,,,,,,,,,,,,,,,,,,,,,,,ww,retrieval_30min,2026-03-24_12h15.32.218,retrieval_30min,,2025.1.1,99.98850132354767,2026-03-24 12h15.35.469366 +0530,
A wooden box with strings,GUITAR,old,yes,1,1,0,guitar,return,2.937386099998548,None,n,1.1941516000006231,None,None,None,,,,,,,,,,,,,,,,,,0,1,1,2,,,,,13.821100100001786,,,,,,,,,,,,,,,,,,,,,,,13.816392100001394,14.309044599998742,14.309044599998742,14.309044599998742,17.248891499999445,guitar,return,2.937386099998548,None,17.25285260000237,17.74865420000424,17.74865420000424,18.949243200004275,n,1.1941516000006231,None,18.94956850000017,18.94963170000119,None,18.94968990000052,18.949732799999765,None,,,,,,,,,,,,,,,,,,,,,,,,,,,,,,,,,,,,,,,,,,,,,,,,,,,,,ww,retrieval_30min,2026-03-24_12h15.32.218,retrieval_30min,,2025.1.1,99.98850132354767,2026-03-24 12h15.35.469366 +0530,
A yellow curved fruit,BANANA,old,yes,2,2,0,"banana
",return,3.228324600000633,None,y,1.4185613000008743,None,v,2,1.4428709999992861,None,1.2851059999957215,None,,,,,,,,,,,,,,0,2,2,4,,,,,18.95824690000154,,,,,,,,,,,,,,,,,,,,,,,18.954967500001658,19.450286600003892,19.450286600003892,19.450286600003892,22.688150500005577,"banana
",return,3.228324600000633,None,22.691997800000536,23.187999699999637,23.187999699999637,24.608230199999525,y,1.4185613000008743,None,24.608344500004023,26.55846400000155,v,26.558591300003172,28.34804979999899,2,25.107677899999544,25.107677899999544,1.4428709999992861,None,27.057541900001524,27.057541900001524,1.2851059999957215,None,,,,,,,,,,,,,,,,,,,,,,,,,,,,,,,,,,,,,,,,,,,,,ww,retrieval_30min,2026-03-24_12h15.32.218,retrieval_30min,,2025.1.1,99.98850132354767,2026-03-24 12h15.35.469366 +0530,
A large vehicle for many people,BUS,new,no,3,3,0,bus,return,2.8950989000004483,None,n,0.34378989999822807,None,None,None,,,,,,,,,,,,,,,,,,0,3,3,3,,,,,28.361942399998952,,,,,,,,,,,,,,,,,,,,,,,28.354874500000733,28.8473701000039,28.8473701000039,28.8473701000039,31.746895600001153,bus,return,2.8950989000004483,None,31.751619200003915,32.24679730000207,32.24679730000207,32.597410400005174,n,0.34378989999822807,None,32.597521399999096,32.5975774000035,None,32.59763329999987,32.597675900004106,None,,,,,,,,,,,,,,,,,,,,,,,,,,,,,,,,,,,,,,,,,,,,,,,,,,,,,ww,retrieval_30min,2026-03-24_12h15.32.218,retrieval_30min,,2025.1.1,99.98850132354767,2026-03-24 12h15.35.469366 +0530,
A sweet red fruit with seeds,APPLE,old,yes,4,4,0,"apple
",return,2.221777099999599,None,y,1.0041273000024376,None,a,1,0.806917699999758,None,1.3524217000012868,None,,,,,,,,,,,,,,0,4,4,0,,,,,32.606644999999844,,,,,,,,,,,,,,,,,,,,,,,32.60343390000344,33.0965903000033,33.0965903000033,33.0965903000033,35.326595800004725,"apple
",return,2.221777099999599,None,35.330416500000865,35.82638920000318,35.82638920000318,36.836700899999414,y,1.0041273000024376,None,36.83680979999917,38.14670450000267,a,38.14681520000158,40.00644879999891,1,37.33580640000582,37.33580640000582,0.806917699999758,None,38.64604460000555,38.64604460000555,1.3524217000012868,None,,,,,,,,,,,,,,,,,,,,,,,,,,,,,,,,,,,,,,,,,,,,,ww,retrieval_30min,2026-03-24_12h15.32.218,retrieval_30min,,2025.1.1,99.98850132354767,2026-03-24 12h15.35.469366 +0530,
A cold winter blanket,SNOW,new,no,5,5,0,"snow
",return,12.940829599996505,None,n,0.8927313000021968,None,None,None,,,,,,,,,,,,,,,,,,0,5,5,1,,,,,40.017530000004626,,,,,,,,,,,,,,,,,,,,,,,40.01243350000004,40.5055438000054,40.5055438000054,40.5055438000054,53.454278600002,"snow
",return,12.940829599996505,None,53.45867360000557,53.9539861000012,53.9539861000012,54.85440860000381,n,0.8927313000021968,None,54.8544916000028,54.85454720000416,None,54.85458880000078,54.854620400001295,None,,,,,,,,,,,,,,,,,,,,,,,,,,,,,,,,,,,,,,,,,,,,,,,,,,,,,ww,retrieval_30min,2026-03-24_12h15.32.218,retrieval_30min,,2025.1.1,99.98850132354767,2026-03-24 12h15.35.469366 +0530,
,,,,,,,,,,,,,,,,,,,,,,,,,,,,,,,,,,,,,,,,,,,,,,,,,,,,,,,,,,,,,,,,,,,,,,,,,,,,,,,,,,,,,,,,,,,,,,54.854750099999364,54.8638196000029,54.8638196000029,56.82408360000409,space,1.950822099999641,None,,,,,,,,,,,,,,,,,,,,,,,,,,,,,,,,,,,,,,ww,retrieval_30min,2026-03-24_12h15.32.218,retrieval_30min,,2025.1.1,99.98850132354767,2026-03-24 12h15.35.469366 +0530,
A metal pillow for trains,RAIL,new,no,0,0,0,,,,,,,,,,,,,,rails,return,5.426963400001114,None,n,1.3219855000061216,None,None,None,,,,,,,,,0,0,0,51,56.833334599999944,,,,,,,,,,,,,,,,,,,,,,,,,,,,,,,,,,,,,,,,,,,,,,,,,,,,,,,,,,,,56.83156930000405,57.323519400000805,57.323519400000805,57.323519400000805,62.75293710000551,rails,return,5.426963400001114,None,62.75682600000437,63.25282460000017,63.25282460000017,64.5833111000029,n,1.3219855000061216,None,64.58343289999902,64.58349520000047,None,64.58355110000412,64.58359370000107,None,,,,,,,,,,,,,,,,ww,retrieval_30min,2026-03-24_12h15.32.218,retrieval_30min,,2025.1.1,99.98850132354767,2026-03-24 12h15.35.469366 +0530,
A portable mountain,BACKPACK,old,yes,1,1,0,,,,,,,,,,,,,,backpack,return,5.3641285999983666,None,y,0.958510299999034,None,v,1,1.1627131999994162,None,0.6934502000003704,None,,,,,0,1,1,49,64.5933096000008,,,,,,,,,,,,,,,,,,,,,,,,,,,,,,,,,,,,,,,,,,,,,,,,,,,,,,,,,,,,64.5904365000024,65.08230520000507,65.08230520000507,65.08230520000507,70.45196990000113,backpack,return,5.3641285999983666,None,70.45719570000074,70.95190939999884,70.95190939999884,71.91231740000512,y,0.958510299999034,None,71.9124421000015,73.58217500000319,v,73.5822982000027,74.7820531000034,1,72.41181000000506,72.41181000000506,1.1627131999994162,None,74.08142310000403,74.08142310000403,0.6934502000003704,None,,,,,,,,ww,retrieval_30min,2026-03-24_12h15.32.218,retrieval_30min,,2025.1.1,99.98850132354767,2026-03-24 12h15.35.469366 +0530,
A pocket refrigerator,COOLER,old,yes,2,2,0,,,,,,,,,,,,,,"cooler
",return,8.500994900001388,None,y,1.4043061999982456,None,v,1,3.4865231000003405,None,2.433143199996266,None,,,,,0,2,2,35,74.79155080000055,,,,,,,,,,,,,,,,,,,,,,,,,,,,,,,,,,,,,,,,,,,,,,,,,,,,,,,,,,,,74.78951740000048,75.28132320000441,75.28132320000441,75.28132320000441,83.79034810000303,"cooler
",return,8.500994900001388,None,83.79523950000294,84.29022059999988,84.29022059999988,85.70075940000243,y,1.4043061999982456,None,85.70089170000574,89.69021300000168,v,89.69032210000296,92.63011900000129,1,86.19990179999877,86.19990179999877,3.4865231000003405,None,90.18941569999879,90.18941569999879,2.433143199996266,None,,,,,,,,ww,retrieval_30min,2026-03-24_12h15.32.218,retrieval_30min,,2025.1.1,99.98850132354767,2026-03-24 12h15.35.469366 +0530,
A silent fireworks show,STARS,old,yes,3,3,0,,,,,,,,,,,,,,"stars
",return,5.109395100000256,None,y,1.0659597000048961,None,a,1,1.0719079000045895,None,1.4122541999968234,None,,,,,0,3,3,65,92.63901530000294,,,,,,,,,,,,,,,,,,,,,,,,,,,,,,,,,,,,,,,,,,,,,,,,,,,,,,,,,,,,92.63672149999911,93.12904050000361,93.12904050000361,93.12904050000361,98.24860859999899,"stars
",return,5.109395100000256,None,98.25367910000205,98.74858030000178,98.74858030000178,99.8191994000008,y,1.0659597000048961,None,99.81932159999997,101.39897480000218,a,101.39910220000456,103.31858520000242,1,100.31843870000012,100.31843870000012,1.0719079000045895,None,101.89816040000005,101.89816040000005,1.4122541999968234,None,,,,,,,,ww,retrieval_30min,2026-03-24_12h15.32.218,retrieval_30min,,2025.1.1,99.98850132354767,2026-03-24 12h15.35.469366 +0530,
A glass eye for houses,PEEPHOLE,new,no,4,4,0,,,,,,,,,,,,,,"windows
",return,7.532508600001165,None,n,1.365661400006502,None,None,None,,,,,,,,,0,4,4,66,103.32776900000317,,,,,,,,,,,,,,,,,,,,,,,,,,,,,,,,,,,,,,,,,,,,,,,,,,,,,,,,,,,,103.32411359999969,103.81780860000435,103.81780860000435,103.81780860000435,111.35700160000124,"windows
",return,7.532508600001165,None,111.3620252000037,111.85688620000292,111.85688620000292,113.22750580000138,n,1.365661400006502,None,113.22762610000063,113.22768450000149,None,113.22777250000217,113.22782040000311,None,,,,,,,,,,,,,,,,ww,retrieval_30min,2026-03-24_12h15.32.218,retrieval_30min,,2025.1.1,99.98850132354767,2026-03-24 12h15.35.469366 +0530,
A portable shadow,HAT,new,no,5,5,0,,,,,,,,,,,,,,umbrella,return,4.935837500001071,None,y,0.9205750999972224,None,a,1,1.6346201999986079,None,0.8951177999988431,None,,,,,0,5,5,8,113.23650640000415,,,,,,,,,,,,,,,,,,,,,,,,,,,,,,,,,,,,,,,,,,,,,,,,,,,,,,,,,,,,113.23431240000355,113.7264753000054,113.7264753000054,113.7264753000054,118.66607320000185,umbrella,return,4.935837500001071,None,118.67146850000427,119.1659084999992,119.1659084999992,120.09635820000403,y,0.9205750999972224,None,120.09651440000016,122.23632680000446,a,122.23645039999974,123.63585840000451,1,120.59580950000236,120.59580950000236,1.6346201999986079,None,122.73544660000334,122.73544660000334,0.8951177999988431,None,,,,,,,,ww,retrieval_30min,2026-03-24_12h15.32.218,retrieval_30min,,2025.1.1,99.98850132354767,2026-03-24 12h15.35.469366 +0530,
A wind-powered whisper,FLUTE,new,no,6,6,0,,,,,,,,,,,,,,"dust
",return,12.703832400002284,None,n,0.33518990000447957,None,None,None,,,,,,,,,0,6,6,31,123.6450834999996,,,,,,,,,,,,,,,,,,,,,,,,,,,,,,,,,,,,,,,,,,,,,,,,,,,,,,,,,,,,123.64284680000128,124.13504079999984,124.13504079999984,124.13504079999984,136.84392890000163,"dust
",return,12.703832400002284,None,136.8494817000028,137.34343630000512,137.34343630000512,137.68414309999935,n,0.33518990000447957,None,137.6842484000008,137.68430060000537,None,137.68434390000039,137.68437950000225,None,,,,,,,,,,,,,,,,ww,retrieval_30min,2026-03-24_12h15.32.218,retrieval_30min,,2025.1.1,99.98850132354767,2026-03-24 12h15.35.469366 +0530,
A wooden sandwich for books,SHELF,new,no,7,7,0,,,,,,,,,,,,,,cover,return,18.223354299996572,None,n,1.0798214999958873,None,None,None,,,,,,,,,0,7,7,10,137.6932345000023,,,,,,,,,,,,,,,,,,,,,,,,,,,,,,,,,,,,,,,,,,,,,,,,,,,,,,,,,,,,137.68964789999882,138.18322080000507,138.18322080000507,138.18322080000507,156.41129509999882,cover,return,18.223354299996572,None,156.41688720000093,156.91110050000134,156.91110050000134,157.99190090000047,n,1.0798214999958873,None,157.9919971000054,157.9920362000048,None,157.9920734000043,157.99210120000498,None,,,,,,,,,,,,,,,,ww,retrieval_30min,2026-03-24_12h15.32.218,retrieval_30min,,2025.1.1,99.98850132354767,2026-03-24 12h15.35.469366 +0530,
A metal spiderweb,FENCE,new,no,8,8,0,,,,,,,,,,,,,,pipe,return,4.275785400001041,None,y,1.0081007999979192,None,v,2,1.5146520999987843,None,0.8227865000008023,None,,,,,0,8,8,15,158.00117709999904,,,,,,,,,,,,,,,,,,,,,,,,,,,,,,,,,,,,,,,,,,,,,,,,,,,,,,,,,,,,157.99637939999957,158.49065020000126,158.49065020000126,158.49065020000126,162.77053349999915,pipe,return,4.275785400001041,None,162.77587889999995,163.27066670000204,163.27066670000204,164.28067759999976,y,1.0081007999979192,None,164.28079889999935,166.30050330000086,v,166.3006263999996,167.63034310000512,2,164.780121900003,164.780121900003,1.5146520999987843,None,166.7997738000049,166.7997738000049,0.8227865000008023,None,,,,,,,,ww,retrieval_30min,2026-03-24_12h15.32.218,retrieval_30min,,2025.1.1,99.98850132354767,2026-03-24 12h15.35.469366 +0530,
A sleepy mountain,VOLCANO,old,yes,9,9,0,,,,,,,,,,,,,,volcano,return,4.33228070000041,None,y,1.1656153000003542,None,v,1,0.6554837000003317,None,1.0722991999937221,None,,,,,0,9,9,30,167.6396287000025,,,,,,,,,,,,,,,,,,,,,,,,,,,,,,,,,,,,,,,,,,,,,,,,,,,,,,,,,,,,167.637361400004,168.1299766000011,168.1299766000011,168.1299766000011,172.46922099999938,volcano,return,4.33228070000041,None,172.47428860000218,172.96907360000478,172.96907360000478,174.13938490000146,y,1.1656153000003542,None,174.13953000000038,175.29930869999953,v,175.2994461000053,176.87891930000478,1,174.63913410000532,174.63913410000532,0.6554837000003317,None,175.79860539999936,175.79860539999936,1.0722991999937221,None,,,,,,,,ww,retrieval_30min,2026-03-24_12h15.32.218,retrieval_30min,,2025.1.1,99.98850132354767,2026-03-24 12h15.35.469366 +0530,
A metal tree with traffic fruit,TRAFFICLIGHT,old,yes,10,10,0,,,,,,,,,,,,,,traffic light,return,11.051852500000678,None,y,1.125463000003947,None,a,1,0.7833362000019406,None,1.1658833000037703,None,,,,,0,10,10,53,176.88842300000397,,,,,,,,,,,,,,,,,,,,,,,,,,,,,,,,,,,,,,,,,,,,,,,,,,,,,,,,,,,,176.88577929999883,177.37840520000464,177.37840520000464,177.37840520000464,188.43707710000308,traffic light,return,11.051852500000678,None,188.4400530999992,188.9370268000057,188.9370268000057,190.0674788000033,y,1.125463000003947,None,190.06760770000255,191.35735959999874,a,191.35749470000155,193.02704920000542,1,190.56724260000192,190.56724260000192,0.7833362000019406,None,191.85671490000095,191.85671490000095,1.1658833000037703,None,,,,,,,,ww,retrieval_30min,2026-03-24_12h15.32.218,retrieval_30min,,2025.1.1,99.98850132354767,2026-03-24 12h15.35.469366 +0530,
A wall that moves,CURTAIN,old,yes,11,11,0,,,,,,,,,,,,,,curtains,return,6.57521270000143,None,y,0.8972452999951201,None,a,1,1.4972874999948544,None,0.87354090000008,None,,,,,0,11,11,62,193.03640019999875,,,,,,,,,,,,,,,,,,,,,,,,,,,,,,,,,,,,,,,,,,,,,,,,,,,,,,,,,,,,193.03203439999925,193.5274040000004,193.5274040000004,193.5274040000004,200.10576920000312,curtains,return,6.57521270000143,None,200.1113022999998,200.6054149000047,200.6054149000047,201.50595199999952,y,0.8972452999951201,None,201.5060655000052,203.50580140000238,a,203.50592960000358,204.88561490000575,1,202.00536490000377,202.00536490000377,1.4972874999948544,None,204.00520040000265,204.00520040000265,0.87354090000008,None,,,,,,,,ww,retrieval_30min,2026-03-24_12h15.32.218,retrieval_30min,,2025.1.1,99.98850132354767,2026-03-24 12h15.35.469366 +0530,
A metal umbrella for wheels,HUBCAP,old,yes,12,12,0,,,,,,,,,,,,,,"na
",return,9.061966599998414,None,n,1.3969605999955093,None,None,None,,,,,,,,,0,12,12,3,204.89527670000098,,,,,,,,,,,,,,,,,,,,,,,,,,,,,,,,,,,,,,,,,,,,,,,,,,,,,,,,,,,,204.89269230000355,205.3847409000009,205.3847409000009,205.3847409000009,214.4540754000045,"na
",return,9.061966599998414,None,214.4595451999994,214.95389380000415,214.95389380000415,216.3543190000055,n,1.3969605999955093,None,216.35444180000195,216.35449950000475,None,216.3545574000018,216.35460130000138,None,,,,,,,,,,,,,,,,ww,retrieval_30min,2026-03-24_12h15.32.218,retrieval_30min,,2025.1.1,99.98850132354767,2026-03-24 12h15.35.469366 +0530,
A pocket sun,FLASHLIGHT,old,yes,13,13,0,,,,,,,,,,,,,,flashlight,return,6.433065500001248,None,y,2.1580766000042786,None,a,2,1.3942651000033948,None,2.0464157999958843,None,,,,,0,13,13,1,216.3634519000043,,,,,,,,,,,,,,,,,,,,,,,,,,,,,,,,,,,,,,,,,,,,,,,,,,,,,,,,,,,,216.36118310000165,216.85337309999886,216.85337309999886,216.85337309999886,223.29295700000512,flashlight,return,6.433065500001248,None,223.29792520000046,223.792769700005,223.792769700005,225.95343390000198,y,2.1580766000042786,None,225.9535571000015,227.85307340000145,a,227.85319670000172,230.4028165999989,2,226.45252450000407,226.45252450000407,1.3942651000033948,None,228.35240840000188,228.35240840000188,2.0464157999958843,None,,,,,,,,ww,retrieval_30min,2026-03-24_12h15.32.218,retrieval_30min,,2025.1.1,99.98850132354767,2026-03-24 12h15.35.469366 +0530,
A wooden road sign,SIGNPOST,new,no,14,14,0,,,,,,,,,,,,,,"no
",return,8.208950700005516,None,n,0.7218501999959699,None,None,None,,,,,,,,,0,14,14,12,230.4131211000058,,,,,,,,,,,,,,,,,,,,,,,,,,,,,,,,,,,,,,,,,,,,,,,,,,,,,,,,,,,,230.4108755000052,230.90164920000097,230.90164920000097,230.90164920000097,239.12088650000078,"no
",return,8.208950700005516,None,239.12569580000127,239.62074310000025,239.62074310000025,240.35132790000353,n,0.7218501999959699,None,240.3514514999988,240.35150950000389,None,240.35156700000516,240.35160929999984,None,,,,,,,,,,,,,,,,ww,retrieval_30min,2026-03-24_12h15.32.218,retrieval_30min,,2025.1.1,99.98850132354767,2026-03-24 12h15.35.469366 +0530,
A metal rainbow,BRIDGE,old,yes,15,15,0,,,,,,,,,,,,,,"bridge
",return,4.818727599995327,None,y,0.8907567999995081,None,v,1,0.4107923999981722,None,1.05979049999587,None,,,,,0,15,15,17,240.36097890000383,,,,,,,,,,,,,,,,,,,,,,,,,,,,,,,,,,,,,,,,,,,,,,,,,,,,,,,,,,,,240.3588266000006,240.85216729999956,240.85216729999956,240.85216729999956,245.6800482000035,"bridge
",return,4.818727599995327,None,245.68500330000097,246.17990239999926,246.17990239999926,247.080223500001,y,0.8907567999995081,None,247.08034600000246,248.0004140000019,v,248.0006199999989,249.56053070000053,1,247.57975740000256,247.57975740000256,0.4107923999981722,None,248.4996012000047,248.4996012000047,1.05979049999587,None,,,,,,,,ww,retrieval_30min,2026-03-24_12h15.32.218,retrieval_30min,,2025.1.1,99.98850132354767,2026-03-24 12h15.35.469366 +0530,
A portable shadow box,SUITCASE,old,yes,16,16,0,,,,,,,,,,,,,,"no
",return,16.65932719999546,None,n,3.7792205000005197,None,None,None,,,,,,,,,0,16,16,9,249.57001450000098,,,,,,,,,,,,,,,,,,,,,,,,,,,,,,,,,,,,,,,,,,,,,,,,,,,,,,,,,,,,249.56731460000447,250.05915160000586,250.05915160000586,250.05915160000586,266.7275645000045,"no
",return,16.65932719999546,None,266.7326591000019,267.22737930000585,267.22737930000585,271.0173247999992,n,3.7792205000005197,None,271.01743840000563,271.01749440000276,None,271.0175492999988,271.0175900000031,None,,,,,,,,,,,,,,,,ww,retrieval_30min,2026-03-24_12h15.32.218,retrieval_30min,,2025.1.1,99.98850132354767,2026-03-24 12h15.35.469366 +0530,
A spoon with ambition,SHOVEL,old,yes,17,17,0,,,,,,,,,,,,,,"shovel
",return,3.168542700004764,None,y,3.9225339999975404,None,v,1,2.8849884000010206,None,0.3513691000043764,None,,,,,0,17,17,14,271.0263335999989,,,,,,,,,,,,,,,,,,,,,,,,,,,,,,,,,,,,,,,,,,,,,,,,,,,,,,,,,,,,271.0235079000049,271.51836780000303,271.51836780000303,271.51836780000303,274.6963595000052,"shovel
",return,3.168542700004764,None,274.7017196000015,275.1960445000004,275.1960445000004,279.1261786000032,y,3.9225339999975404,None,279.1262895000036,282.51584849999927,v,282.51600060000055,283.3755827000059,1,279.62561200000346,279.62561200000346,2.8849884000010206,None,283.01526379999996,283.01526379999996,0.3513691000043764,None,,,,,,,,ww,retrieval_30min,2026-03-24_12h15.32.218,retrieval_30min,,2025.1.1,99.98850132354767,2026-03-24 12h15.35.469366 +0530,
A polite skeleton for tents,POLE,old,yes,18,18,0,,,,,,,,,,,,,,pole,return,4.3155706000034115,None,y,3.384474599995883,None,a,1,1.3025342999972054,None,0.469064700002491,None,,,,,0,18,18,5,283.3848081000033,,,,,,,,,,,,,,,,,,,,,,,,,,,,,,,,,,,,,,,,,,,,,,,,,,,,,,,,,,,,283.38245710000047,283.8749181000021,283.8749181000021,283.8749181000021,288.1946517000033,pole,return,4.3155706000034115,None,288.20036080000136,288.69420399999944,288.69420399999944,292.08469130000594,y,3.384474599995883,None,292.084815000002,293.8944965000046,a,293.89462240000285,294.8640979000047,1,292.58397949999926,292.58397949999926,1.3025342999972054,None,294.393882700002,294.393882700002,0.469064700002491,None,,,,,,,,ww,retrieval_30min,2026-03-24_12h15.32.218,retrieval_30min,,2025.1.1,99.98850132354767,2026-03-24 12h15.35.469366 +0530,
A metal ladder for water,PIPELINE,new,no,19,19,0,,,,,,,,,,,,,,"pipe
",return,5.411224800001946,None,y,0.9719944000025862,None,v,1,2.060345000005327,None,2.5465431999982684,None,,,,,0,19,19,2,294.8734390000027,,,,,,,,,,,,,,,,,,,,,,,,,,,,,,,,,,,,,,,,,,,,,,,,,,,,,,,,,,,,294.8704352000059,295.363382800002,295.363382800002,295.363382800002,300.78306370000064,"pipe
",return,5.411224800001946,None,300.78834640000423,301.2828252000036,301.2828252000036,302.263331400005,y,0.9719944000025862,None,302.263449099999,304.8331371000022,v,304.83328160000383,307.8827203000037,1,302.76260490000277,302.76260490000277,2.060345000005327,None,305.3323559000055,305.3323559000055,2.5465431999982684,None,,,,,,,,ww,retrieval_30min,2026-03-24_12h15.32.218,retrieval_30min,,2025.1.1,99.98850132354767,2026-03-24 12h15.35.469366 +0530,
A cloud on a stick,COTTONCANDY,old,yes,20,20,0,,,,,,,,,,,,,,"cotton candy
",return,5.320705199999793,None,y,1.083217200000945,None,v,2,2.7494554000004428,None,0.43591019999439595,None,,,,,0,20,20,45,307.8917736000003,,,,,,,,,,,,,,,,,,,,,,,,,,,,,,,,,,,,,,,,,,,,,,,,,,,,,,,,,,,,307.88881680000486,308.3817230000059,308.3817230000059,308.3817230000059,313.71144930000446,"cotton candy
",return,5.320705199999793,None,313.71635660000175,314.21126290000393,314.21126290000393,315.30171800000244,y,1.083217200000945,None,315.3018355000022,318.55135000000155,v,318.5514820000026,319.49120210000547,2,315.8010964000059,315.8010964000059,2.7494554000004428,None,319.0506444999992,319.0506444999992,0.43591019999439595,None,,,,,,,,ww,retrieval_30min,2026-03-24_12h15.32.218,retrieval_30min,,2025.1.1,99.98850132354767,2026-03-24 12h15.35.469366 +0530,
A clock that bites,TIMER,new,no,21,21,0,,,,,,,,,,,,,,"dog
",return,6.039155499995104,None,n,2.0672272000010707,None,None,None,,,,,,,,,0,21,21,70,319.50042500000563,,,,,,,,,,,,,,,,,,,,,,,,,,,,,,,,,,,,,,,,,,,,,,,,,,,,,,,,,,,,319.49786750000203,319.99099540000316,319.99099540000316,319.99099540000316,326.03998510000383,"dog
",return,6.039155499995104,None,326.04490510000323,326.53959740000573,326.53959740000573,328.61044350000157,n,2.0672272000010707,None,328.61055730000226,328.61061139999947,None,328.6106648000059,328.61070360000303,None,,,,,,,,,,,,,,,,ww,retrieval_30min,2026-03-24_12h15.32.218,retrieval_30min,,2025.1.1,99.98850132354767,2026-03-24 12h15.35.469366 +0530,
A sleepy traffic cop,STOPSIGN,new,no,22,22,0,,,,,,,,,,,,,,no,return,3.153233700002602,None,n,0.717559099997743,None,None,None,,,,,,,,,0,22,22,57,328.61985030000506,,,,,,,,,,,,,,,,,,,,,,,,,,,,,,,,,,,,,,,,,,,,,,,,,,,,,,,,,,,,328.61788530000194,329.1091091999988,329.1091091999988,329.1091091999988,332.269166099999,no,return,3.153233700002602,None,332.2741948000039,332.7689449000027,332.7689449000027,333.48943860000145,n,0.717559099997743,None,333.4895589000007,333.48962170000596,None,333.4896777000031,333.4897179000036,None,,,,,,,,,,,,,,,,ww,retrieval_30min,2026-03-24_12h15.32.218,retrieval_30min,,2025.1.1,99.98850132354767,2026-03-24 12h15.35.469366 +0530,
A wooden tongue for bells,CLAPPER,new,no,23,23,0,,,,,,,,,,,,,,no,return,4.545788600000378,None,n,0.8808638999980758,None,None,None,,,,,,,,,0,23,23,43,333.49899079999886,,,,,,,,,,,,,,,,,,,,,,,,,,,,,,,,,,,,,,,,,,,,,,,,,,,,,,,,,,,,333.49683430000005,333.98855970000295,333.98855970000295,333.98855970000295,338.5383922000037,no,return,4.545788600000378,None,338.5437027000007,339.0380395000029,339.0380395000029,339.9285600000003,n,0.8808638999980758,None,339.9286771000043,339.92873300000065,None,339.9287884000005,339.9288299000036,None,,,,,,,,,,,,,,,,ww,retrieval_30min,2026-03-24_12h15.32.218,retrieval_30min,,2025.1.1,99.98850132354767,2026-03-24 12h15.35.469366 +0530,
A wooden blanket,FLOOR,new,no,24,24,0,,,,,,,,,,,,,,"no
",return,2.418602400000964,None,n,0.5928601999985403,None,None,None,,,,,,,,,0,24,24,46,339.9377744000012,,,,,,,,,,,,,,,,,,,,,,,,,,,,,,,,,,,,,,,,,,,,,,,,,,,,,,,,,,,,339.9342184000052,340.4278331000023,340.4278331000023,340.4278331000023,342.8578643000001,"no
",return,2.418602400000964,None,342.8630112000028,343.35761600000114,343.35761600000114,343.95802630000253,n,0.5928601999985403,None,343.9581483000002,343.958206000003,None,343.95826020000095,343.9583019000056,None,,,,,,,,,,,,,,,,ww,retrieval_30min,2026-03-24_12h15.32.218,retrieval_30min,,2025.1.1,99.98850132354767,2026-03-24 12h15.35.469366 +0530,
A glass slipper for drinks,CUP,old,yes,25,25,0,,,,,,,,,,,,,,no,return,6.237412400005269,None,n,1.3135642999986885,None,None,None,,,,,,,,,0,25,25,63,343.9673116000049,,,,,,,,,,,,,,,,,,,,,,,,,,,,,,,,,,,,,,,,,,,,,,,,,,,,,,,,,,,,343.96435410000413,344.457241600001,344.457241600001,344.457241600001,350.6968341000029,no,return,6.237412400005269,None,350.7017487000048,351.1968152000045,351.1968152000045,352.5171399000028,n,1.3135642999986885,None,352.51726910000434,352.5173259000003,None,352.5173810000051,352.5174358000004,None,,,,,,,,,,,,,,,,ww,retrieval_30min,2026-03-24_12h15.32.218,retrieval_30min,,2025.1.1,99.98850132354767,2026-03-24 12h15.35.469366 +0530,
A sleeping volcano,HILL,new,no,26,26,0,,,,,,,,,,,,,,"hill
",return,3.1099291000064113,None,y,2.9704736999992747,None,v,2,4.6270355000015115,None,1.4819298000002163,None,,,,,0,26,26,29,352.52695810000296,,,,,,,,,,,,,,,,,,,,,,,,,,,,,,,,,,,,,,,,,,,,,,,,,,,,,,,,,,,,352.52464429999964,353.01643990000593,353.01643990000593,353.01643990000593,356.1360877000043,"hill
",return,3.1099291000064113,None,356.1411420000004,356.63609920000454,356.63609920000454,359.61561130000337,y,2.9704736999992747,None,359.615658499999,364.7456833000033,v,364.7458279000057,366.7354529000004,2,360.11551229999895,360.11551229999895,4.6270355000015115,None,365.24472070000047,365.24472070000047,1.4819298000002163,None,,,,,,,,ww,retrieval_30min,2026-03-24_12h15.32.218,retrieval_30min,,2025.1.1,99.98850132354767,2026-03-24 12h15.35.469366 +0530,
A portable sunshade,VISOR,old,yes,27,27,0,,,,,,,,,,,,,,"no
",return,10.539991899997403,None,n,1.0193882000021404,None,None,None,,,,,,,,,0,27,27,37,366.7444738000049,,,,,,,,,,,,,,,,,,,,,,,,,,,,,,,,,,,,,,,,,,,,,,,,,,,,,,,,,,,,366.7413016999999,367.2343658000027,367.2343658000027,367.2343658000027,377.7832653000005,"no
",return,10.539991899997403,None,377.7880019000004,378.2831984000004,378.2831984000004,379.30371820000437,n,1.0193882000021404,None,379.3038386000044,379.30390199999965,None,379.3039585000006,379.30400029999873,None,,,,,,,,,,,,,,,,ww,retrieval_30min,2026-03-24_12h15.32.218,retrieval_30min,,2025.1.1,99.98850132354767,2026-03-24 12h15.35.469366 +0530,
A sky anchor,HELICOPTER,old,yes,28,28,0,,,,,,,,,,,,,,"helicopter
",return,5.219957299996167,None,y,1.2421893999999156,None,v,1,1.0844387999968603,None,0.638523499997973,None,,,,,0,28,28,4,379.3129126999993,,,,,,,,,,,,,,,,,,,,,,,,,,,,,,,,,,,,,,,,,,,,,,,,,,,,,,,,,,,,379.3098708000034,379.8027038,379.8027038,379.8027038,385.03250950000074,"helicopter
",return,5.219957299996167,None,385.0365032000045,385.5322304000001,385.5322304000001,386.7831215000042,y,1.2421893999999156,None,386.7834514999995,388.37246030000097,v,388.3725745000047,389.5125740000003,1,387.28213650000544,387.28213650000544,1.0844387999968603,None,388.8719560000027,388.8719560000027,0.638523499997973,None,,,,,,,,ww,retrieval_30min,2026-03-24_12h15.32.218,retrieval_30min,,2025.1.1,99.98850132354767,2026-03-24 12h15.35.469366 +0530,
A sleepy trumpet,HORN,old,yes,29,29,0,,,,,,,,,,,,,,horn,return,3.538804699994216,None,y,1.2993221000069752,None,a,2,0.4336115999976755,None,0.5253423999965889,None,,,,,0,29,29,50,389.52188190000015,,,,,,,,,,,,,,,,,,,,,,,,,,,,,,,,,,,,,,,,,,,,,,,,,,,,,,,,,,,,389.5194579000017,390.0115599000055,390.0115599000055,390.0115599000055,393.55130920000374,horn,return,3.538804699994216,None,393.5552558999989,394.05125699999917,394.05125699999917,395.3614865999989,y,1.2993221000069752,None,395.36159600000246,396.3014361000023,a,396.3015486000004,397.33134200000495,2,395.86097359999985,395.86097359999985,0.4336115999976755,None,396.8012568000049,396.8012568000049,0.5253423999965889,None,,,,,,,,ww,retrieval_30min,2026-03-24_12h15.32.218,retrieval_30min,,2025.1.1,99.98850132354767,2026-03-24 12h15.35.469366 +0530,
A pocket mirror for spies,COMPACT,old,yes,30,30,0,,,,,,,,,,,,,,compact,return,5.488061399999424,None,y,1.154765999999654,None,a,1,0.47076019999803975,None,0.44277499999589054,None,,,,,0,30,30,61,397.34052800000063,,,,,,,,,,,,,,,,,,,,,,,,,,,,,,,,,,,,,,,,,,,,,,,,,,,,,,,,,,,,397.33769340000435,397.8305135000046,397.8305135000046,397.8305135000046,403.3202158999993,compact,return,5.488061399999424,None,403.3249270000015,403.81975180000154,403.81975180000154,404.9803496000022,y,1.154765999999654,None,404.98046140000224,405.9602756000022,a,405.9604027000023,406.90980860000127,1,405.4798119000043,405.4798119000043,0.47076019999803975,None,406.4595330000011,406.4595330000011,0.44277499999589054,None,,,,,,,,ww,retrieval_30min,2026-03-24_12h15.32.218,retrieval_30min,,2025.1.1,99.98850132354767,2026-03-24 12h15.35.469366 +0530,
A pocket staircase,ESCALATOR,new,no,31,31,0,,,,,,,,,,,,,,no,return,4.75728849999723,None,n,10.529763799997454,None,None,None,,,,,,,,,0,31,31,52,406.9193097000025,,,,,,,,,,,,,,,,,,,,,,,,,,,,,,,,,,,,,,,,,,,,,,,,,,,,,,,,,,,,406.9142292000033,407.4093150000044,407.4093150000044,407.4093150000044,412.1690191000016,no,return,4.75728849999723,None,412.173910000005,412.66898070000025,412.66898070000025,423.2082787000036,n,10.529763799997454,None,423.2084221000041,423.20849110000563,None,423.2085564000008,423.2086056000044,None,,,,,,,,,,,,,,,,ww,retrieval_30min,2026-03-24_12h15.32.218,retrieval_30min,,2025.1.1,99.98850132354767,2026-03-24 12h15.35.469366 +0530,
A winter blanket for the earth,SNOW,new,no,32,32,0,,,,,,,,,,,,,,"snow
",return,3.171172500005923,None,n,5.227549799994449,None,None,None,,,,,,,,,0,32,32,41,423.21729680000135,,,,,,,,,,,,,,,,,,,,,,,,,,,,,,,,,,,,,,,,,,,,,,,,,,,,,,,,,,,,423.2146078000005,423.707129500006,423.707129500006,423.707129500006,426.88704820000567,"snow
",return,3.171172500005923,None,426.89263850000134,427.387026299999,427.387026299999,432.61687960000563,n,5.227549799994449,None,432.61699800000497,432.6170538000006,None,432.6171093000012,432.617149800004,None,,,,,,,,,,,,,,,,ww,retrieval_30min,2026-03-24_12h15.32.218,retrieval_30min,,2025.1.1,99.98850132354767,2026-03-24 12h15.35.469366 +0530,
A spinning ladder,SCREW,new,no,33,33,0,,,,,,,,,,,,,,no,return,20.61040640000283,None,n,1.1567950999960885,None,None,None,,,,,,,,,0,33,33,56,432.6260098999992,,,,,,,,,,,,,,,,,,,,,,,,,,,,,,,,,,,,,,,,,,,,,,,,,,,,,,,,,,,,432.62263240000175,433.1159439000039,433.1159439000039,433.1159439000039,453.73394550000376,no,return,20.61040640000283,None,453.7392919000049,454.2336887999991,454.2336887999991,455.39423890000035,n,1.1567950999960885,None,455.39435629999934,455.3944150000025,None,455.39447080000537,455.3945123000012,None,,,,,,,,,,,,,,,,ww,retrieval_30min,2026-03-24_12h15.32.218,retrieval_30min,,2025.1.1,99.98850132354767,2026-03-24 12h15.35.469366 +0530,
A glass stomach for flowers,VASE,old,yes,34,34,0,,,,,,,,,,,,,,vase,return,3.369204800001171,None,y,0.8675969000032637,None,v,1,1.1295605999985128,None,0.4258836999943014,None,,,,,0,34,34,47,455.40323880000506,,,,,,,,,,,,,,,,,,,,,,,,,,,,,,,,,,,,,,,,,,,,,,,,,,,,,,,,,,,,455.40007719999994,455.89323929999955,455.89323929999955,455.89323929999955,459.2631465000013,vase,return,3.369204800001171,None,459.26846650000516,459.76295600000594,459.76295600000594,460.633533500004,y,0.8675969000032637,None,460.6336520000041,462.27306990000216,v,462.27318780000496,463.20341850000113,1,461.13287780000246,461.13287780000246,1.1295605999985128,None,462.77264500000456,462.77264500000456,0.4258836999943014,None,,,,,,,,ww,retrieval_30min,2026-03-24_12h15.32.218,retrieval_30min,,2025.1.1,99.98850132354767,2026-03-24 12h15.35.469366 +0530,
A metal river dam,VALVE,new,no,35,35,0,,,,,,,,,,,,,,no,return,4.4639032000050065,None,n,2.0947111999994377,None,None,None,,,,,,,,,0,35,35,69,463.21217840000463,,,,,,,,,,,,,,,,,,,,,,,,,,,,,,,,,,,,,,,,,,,,,,,,,,,,,,,,,,,,463.20981620000384,463.7023451999994,463.7023451999994,463.7023451999994,468.1719826000044,no,return,4.4639032000050065,None,468.1771901000029,468.6718017000021,468.6718017000021,470.7721992000006,n,2.0947111999994377,None,470.77231949999987,470.77237830000377,None,470.77243499999895,470.77247720000014,None,,,,,,,,,,,,,,,,ww,retrieval_30min,2026-03-24_12h15.32.218,retrieval_30min,,2025.1.1,99.98850132354767,2026-03-24 12h15.35.469366 +0530,
A pocket library,DIARY,old,yes,36,36,0,,,,,,,,,,,,,,diary,return,6.542998299999454,None,y,1.0778553999989526,None,a,1,0.17028410000057193,None,0.0741682999941986,None,,,,,0,36,36,19,470.78141329999926,,,,,,,,,,,,,,,,,,,,,,,,,,,,,,,,,,,,,,,,,,,,,,,,,,,,,,,,,,,,470.7780697999988,471.2712421000033,471.2712421000033,471.2712421000033,477.8208011000024,diary,return,6.542998299999454,None,477.8259934000016,478.32063560000097,478.32063560000097,479.4011883999992,y,1.0778553999989526,None,479.40130040000076,480.0813138000012,a,480.0814492999998,480.66111290000117,1,479.900513200002,479.900513200002,0.17028410000057193,None,480.5803483999989,480.5803483999989,0.0741682999941986,None,,,,,,,,ww,retrieval_30min,2026-03-24_12h15.32.218,retrieval_30min,,2025.1.1,99.98850132354767,2026-03-24 12h15.35.469366 +0530,
A bread pillow,LOAF,old,yes,37,37,0,,,,,,,,,,,,,,"no
",return,4.1504017999977805,None,n,0.6829167999967467,None,None,None,,,,,,,,,0,37,37,18,480.67013900000165,,,,,,,,,,,,,,,,,,,,,,,,,,,,,,,,,,,,,,,,,,,,,,,,,,,,,,,,,,,,480.66750680000405,481.16015360000165,481.16015360000165,481.16015360000165,485.31984360000206,"no
",return,4.1504017999977805,None,485.3247730000003,485.8196405999988,485.8196405999988,486.510047900003,n,0.6829167999967467,None,486.51016560000426,486.51022360000206,None,486.51028110000334,486.5103229000015,None,,,,,,,,,,,,,,,,ww,retrieval_30min,2026-03-24_12h15.32.218,retrieval_30min,,2025.1.1,99.98850132354767,2026-03-24 12h15.35.469366 +0530,
A rock that floats,PUMICE,old,yes,38,38,0,,,,,,,,,,,,,,"pumice
",return,9.133573699997214,None,y,1.27842149999924,None,a,1,1.258823600001051,None,1.2826777000009315,None,,,,,0,38,38,22,486.51920450000034,,,,,,,,,,,,,,,,,,,,,,,,,,,,,,,,,,,,,,,,,,,,,,,,,,,,,,,,,,,,486.51694190000126,487.00925480000296,487.00925480000296,487.00925480000296,496.148488800005,"pumice
",return,9.133573699997214,None,496.1538275000057,496.6482595000052,496.6482595000052,497.92880790000345,y,1.27842149999924,None,497.92892779999966,499.68819330000406,a,499.68830100000196,501.4785278000054,1,498.42795930000284,498.42795930000284,1.258823600001051,None,500.18786869999894,500.18786869999894,1.2826777000009315,None,,,,,,,,ww,retrieval_30min,2026-03-24_12h15.32.218,retrieval_30min,,2025.1.1,99.98850132354767,2026-03-24 12h15.35.469366 +0530,
A polite explosion for birthdays,CONFETTI,new,no,39,39,0,,,,,,,,,,,,,,"no
",return,2.6606085000021267,None,n,0.5634223999950336,None,None,None,,,,,,,,,0,39,39,13,501.4878491000054,,,,,,,,,,,,,,,,,,,,,,,,,,,,,,,,,,,,,,,,,,,,,,,,,,,,,,,,,,,,501.4856362999999,501.9777899000037,501.9777899000037,501.9777899000037,504.64733569999953,"no
",return,2.6606085000021267,None,504.6519208000027,505.14706529999967,505.14706529999967,505.7176571000018,n,0.5634223999950336,None,505.71778050000285,505.7178400000048,None,505.7178972000038,505.7179399000015,None,,,,,,,,,,,,,,,,ww,retrieval_30min,2026-03-24_12h15.32.218,retrieval_30min,,2025.1.1,99.98850132354767,2026-03-24 12h15.35.469366 +0530,
A polite snowball,MARSHMALLOW,new,no,40,40,0,,,,,,,,,,,,,,no,return,4.397662900002615,None,n,0.7226693000047817,None,None,None,,,,,,,,,0,40,40,44,505.7273293000035,,,,,,,,,,,,,,,,,,,,,,,,,,,,,,,,,,,,,,,,,,,,,,,,,,,,,,,,,,,,505.72514200000296,506.21680149999884,506.21680149999884,506.21680149999884,510.61671000000206,no,return,4.397662900002615,None,510.62195000000065,511.11627760000556,511.11627760000556,511.8468998000026,n,0.7226693000047817,None,511.84700169999996,511.8470498000024,None,511.8470981999999,511.84713270000066,None,,,,,,,,,,,,,,,,ww,retrieval_30min,2026-03-24_12h15.32.218,retrieval_30min,,2025.1.1,99.98850132354767,2026-03-24 12h15.35.469366 +0530,
A pocket waterfall for ink,PEN,new,no,41,41,0,,,,,,,,,,,,,,no,return,3.044054199999664,None,n,0.3829411000042455,None,None,None,,,,,,,,,0,41,41,11,511.8560973000058,,,,,,,,,,,,,,,,,,,,,,,,,,,,,,,,,,,,,,,,,,,,,,,,,,,,,,,,,,,,511.85273289999895,512.3462816000028,512.3462816000028,512.3462816000028,515.3959260000047,no,return,3.044054199999664,None,515.4013941000012,515.8957902000038,515.8957902000038,516.2863242000021,n,0.3829411000042455,None,516.2864408000023,516.2864967999994,None,516.2865517000027,516.2865927000021,None,,,,,,,,,,,,,,,,ww,retrieval_30min,2026-03-24_12h15.32.218,retrieval_30min,,2025.1.1,99.98850132354767,2026-03-24 12h15.35.469366 +0530,
A polite explosion,POPCORN,new,no,42,42,0,,,,,,,,,,,,,,no,return,3.8449248999968404,None,n,0.6075036999973236,None,None,None,,,,,,,,,0,42,42,40,516.2955243000033,,,,,,,,,,,,,,,,,,,,,,,,,,,,,,,,,,,,,,,,,,,,,,,,,,,,,,,,,,,,516.2932342999993,516.7854896999997,516.7854896999997,516.7854896999997,520.6353424000044,no,return,3.8449248999968404,None,520.6405476,521.1351388000039,521.1351388000039,521.745600000002,n,0.6075036999973236,None,521.7457176000025,521.745771599999,None,521.745826600003,521.7458660000048,None,,,,,,,,,,,,,,,,ww,retrieval_30min,2026-03-24_12h15.32.218,retrieval_30min,,2025.1.1,99.98850132354767,2026-03-24 12h15.35.469366 +0530,
A spinning umbrella,PROPELLER,new,no,43,43,0,,,,,,,,,,,,,,no,return,1.9930043999993359,None,n,0.1254177999944659,None,None,None,,,,,,,,,0,43,43,64,521.7554388999997,,,,,,,,,,,,,,,,,,,,,,,,,,,,,,,,,,,,,,,,,,,,,,,,,,,,,,,,,,,,521.7524373000051,522.2452544000043,522.2452544000043,522.2452544000043,524.2448749000032,no,return,1.9930043999993359,None,524.2498134000052,524.7451605000024,524.7451605000024,524.8752004999988,n,0.1254177999944659,None,524.8753167000032,524.8753725999995,None,524.8754279999994,524.8754689000052,None,,,,,,,,,,,,,,,,ww,retrieval_30min,2026-03-24_12h15.32.218,retrieval_30min,,2025.1.1,99.98850132354767,2026-03-24 12h15.35.469366 +0530,
A silent drummer,HEART,old,yes,44,44,0,,,,,,,,,,,,,,"heart
",return,3.4005004999999073,None,y,0.8750686999992467,None,v,1,0.3103558000002522,None,0.21845320000284119,None,,,,,0,44,44,71,524.8844295000017,,,,,,,,,,,,,,,,,,,,,,,,,,,,,,,,,,,,,,,,,,,,,,,,,,,,,,,,,,,,524.8810898000011,525.3744344000006,525.3744344000006,525.3744344000006,528.7842359999995,"heart
",return,3.4005004999999073,None,528.7892474000037,529.2841810000027,529.2841810000027,530.1647120999987,y,0.8750686999992467,None,530.1648452000009,530.9843055000019,v,530.9844022000034,531.704422499999,1,530.6644758000039,530.6644758000039,0.3103558000002522,None,531.4843591000026,531.4843591000026,0.21845320000284119,None,,,,,,,,ww,retrieval_30min,2026-03-24_12h15.32.218,retrieval_30min,,2025.1.1,99.98850132354767,2026-03-24 12h15.35.469366 +0530,
A wooden toothpick for giants,LOG,old,yes,45,45,0,,,,,,,,,,,,,,log,return,2.5871105999976862,None,y,0.9533904999989318,None,v,1,1.781910899997456,None,0.33212169999751495,None,,,,,0,45,45,42,531.7136109000057,,,,,,,,,,,,,,,,,,,,,,,,,,,,,,,,,,,,,,,,,,,,,,,,,,,,,,,,,,,,531.7107751000003,532.2035478000034,532.2035478000034,532.2035478000034,534.7934998000055,log,return,2.5871105999976862,None,534.7991865000004,535.2932387000037,535.2932387000037,536.2536529999998,y,0.9533904999989318,None,536.2537796000033,538.5433469999989,v,538.5434449000022,539.3834764999992,1,536.753185600006,536.753185600006,1.781910899997456,None,539.042867600001,539.042867600001,0.33212169999751495,None,,,,,,,,ww,retrieval_30min,2026-03-24_12h15.32.218,retrieval_30min,,2025.1.1,99.98850132354767,2026-03-24 12h15.35.469366 +0530,
A talking rectangle,PHONE,new,no,46,46,0,,,,,,,,,,,,,,"no
",return,2.252080799997202,None,n,0.9884454999992158,None,None,None,,,,,,,,,0,46,46,67,539.3926541000037,,,,,,,,,,,,,,,,,,,,,,,,,,,,,,,,,,,,,,,,,,,,,,,,,,,,,,,,,,,,539.3893005999998,539.8824810000006,539.8824810000006,539.8824810000006,542.1425964000009,"no
",return,2.252080799997202,None,542.1479362000027,542.6422750999991,542.6422750999991,543.6329007000022,n,0.9884454999992158,None,543.633018200002,543.6330777000039,None,543.6331351000044,543.6331762000045,None,,,,,,,,,,,,,,,,ww,retrieval_30min,2026-03-24_12h15.32.218,retrieval_30min,,2025.1.1,99.98850132354767,2026-03-24 12h15.35.469366 +0530,
A snowman's spare nose,CARROT,old,yes,47,47,0,,,,,,,,,,,,,,carrot,return,4.018699500004004,None,y,0.8828515999994124,None,v,1,0.30086770000343677,None,1.107778400000825,None,,,,,0,47,47,24,543.6426900000006,,,,,,,,,,,,,,,,,,,,,,,,,,,,,,,,,,,,,,,,,,,,,,,,,,,,,,,,,,,,543.6406496000054,544.1319411000004,544.1319411000004,544.1319411000004,548.1521157000025,carrot,return,4.018699500004004,None,548.1575363000011,548.651798400002,548.651798400002,549.5420615000039,y,0.8828515999994124,None,549.5421792000052,550.3521693000002,v,550.3522990999991,551.9619248000017,1,550.0415252000021,550.0415252000021,0.30086770000343677,None,550.851290000006,550.851290000006,1.107778400000825,None,,,,,,,,ww,retrieval_30min,2026-03-24_12h15.32.218,retrieval_30min,,2025.1.1,99.98850132354767,2026-03-24 12h15.35.469366 +0530,
A spinning pancake,DISC,new,no,48,48,0,,,,,,,,,,,,,,no,return,2.257743100002699,None,n,3.9054352000021026,None,None,None,,,,,,,,,0,48,48,27,551.9709430000003,,,,,,,,,,,,,,,,,,,,,,,,,,,,,,,,,,,,,,,,,,,,,,,,,,,,,,,,,,,,551.9686118000027,552.4609991000034,552.4609991000034,552.4609991000034,554.7209886000055,no,return,2.257743100002699,None,554.7263602000021,555.2208764000025,555.2208764000025,559.1302897999994,n,3.9054352000021026,None,559.1303348000001,559.1303542000023,None,559.1303731000007,559.1303869000039,None,,,,,,,,,,,,,,,,ww,retrieval_30min,2026-03-24_12h15.32.218,retrieval_30min,,2025.1.1,99.98850132354767,2026-03-24 12h15.35.469366 +0530,
A silent scream on paper,EXCLAMATION,new,no,49,49,0,,,,,,,,,,,,,,"no
",return,3.8322302999949898,None,n,0.5253210000009858,None,None,None,,,,,,,,,0,49,49,60,559.1399134000021,,,,,,,,,,,,,,,,,,,,,,,,,,,,,,,,,,,,,,,,,,,,,,,,,,,,,,,,,,,,559.1332226000013,559.6300478000048,559.6300478000048,559.6300478000048,563.4699174000052,"no
",return,3.8322302999949898,None,563.4749506000007,563.9695372999995,563.9695372999995,564.5002099000048,n,0.5253210000009858,None,564.5003240000005,564.500380700003,None,564.500437499999,564.5004824999996,None,,,,,,,,,,,,,,,,ww,retrieval_30min,2026-03-24_12h15.32.218,retrieval_30min,,2025.1.1,99.98850132354767,2026-03-24 12h15.35.469366 +0530,
A metal mushroom,BELL,new,no,50,50,0,,,,,,,,,,,,,,"no
",return,3.4633459000033326,None,n,0.1895418999993126,None,None,None,,,,,,,,,0,50,50,28,564.5094431000034,,,,,,,,,,,,,,,,,,,,,,,,,,,,,,,,,,,,,,,,,,,,,,,,,,,,,,,,,,,,564.5064385000005,564.9993596000058,564.9993596000058,564.9993596000058,568.4691653000045,"no
",return,3.4633459000033326,None,568.4741941000029,568.9690076000043,568.9690076000043,569.159524900002,n,0.1895418999993126,None,569.1596399000045,569.1596974000058,None,569.159754100001,569.1597954000026,None,,,,,,,,,,,,,,,,ww,retrieval_30min,2026-03-24_12h15.32.218,retrieval_30min,,2025.1.1,99.98850132354767,2026-03-24 12h15.35.469366 +0530,
A polite drum for rain,ROOF,new,no,51,51,0,,,,,,,,,,,,,,"no
",return,4.619960600000923,None,n,0.26621220000379253,None,None,None,,,,,,,,,0,51,51,48,569.1688681000014,,,,,,,,,,,,,,,,,,,,,,,,,,,,,,,,,,,,,,,,,,,,,,,,,,,,,,,,,,,,569.1657835000005,569.658875000001,569.658875000001,569.658875000001,574.288524800002,"no
",return,4.619960600000923,None,574.2936407000016,574.7886074999988,574.7886074999988,575.0589207000012,n,0.26621220000379253,None,575.0590415000042,575.059101400002,None,575.0591591000048,575.0592025000005,None,,,,,,,,,,,,,,,,ww,retrieval_30min,2026-03-24_12h15.32.218,retrieval_30min,,2025.1.1,99.98850132354767,2026-03-24 12h15.35.469366 +0530,
A glass drum,BOWL,old,yes,52,52,0,,,,,,,,,,,,,,"no
",return,9.479946799998288,None,n,0.4356843999994453,None,None,None,,,,,,,,,0,52,52,36,575.0681139000008,,,,,,,,,,,,,,,,,,,,,,,,,,,,,,,,,,,,,,,,,,,,,,,,,,,,,,,,,,,,575.0656394000034,575.5583957000053,575.5583957000053,575.5583957000053,585.0473141000039,"no
",return,9.479946799998288,None,585.0525660000058,585.547155799999,585.547155799999,585.9877507000056,n,0.4356843999994453,None,585.9878668000019,585.9879222000018,None,585.9879768000028,585.9880204000001,None,,,,,,,,,,,,,,,,ww,retrieval_30min,2026-03-24_12h15.32.218,retrieval_30min,,2025.1.1,99.98850132354767,2026-03-24 12h15.35.469366 +0530,
A metal shoelace,CHAIN,new,no,53,53,0,,,,,,,,,,,,,,no,return,3.7993227999977535,None,n,0.564193799997156,None,None,None,,,,,,,,,0,53,53,39,585.9971557000026,,,,,,,,,,,,,,,,,,,,,,,,,,,,,,,,,,,,,,,,,,,,,,,,,,,,,,,,,,,,585.994761599999,586.4869242999994,586.4869242999994,586.4869242999994,590.2867527999988,no,return,3.7993227999977535,None,590.2920598000055,590.7864037000036,590.7864037000036,591.3570920999991,n,0.564193799997156,None,591.3572100000019,591.3572672000009,None,591.3573213000054,591.3573628000013,None,,,,,,,,,,,,,,,,ww,retrieval_30min,2026-03-24_12h15.32.218,retrieval_30min,,2025.1.1,99.98850132354767,2026-03-24 12h15.35.469366 +0530,
A portable cave for sleeping,TENT,new,no,54,54,0,,,,,,,,,,,,,,no,return,2.921892799997295,None,n,0.1846335000009276,None,None,None,,,,,,,,,0,54,54,33,591.3676164999997,,,,,,,,,,,,,,,,,,,,,,,,,,,,,,,,,,,,,,,,,,,,,,,,,,,,,,,,,,,,591.3653918999989,591.8604600000035,591.8604600000035,591.8604600000035,594.786107400003,no,return,2.921892799997295,None,594.7916106000048,595.2858348000009,595.2858348000009,595.4766555000024,n,0.1846335000009276,None,595.4767735999994,595.4768289000058,None,595.4768829000022,595.4769241000031,None,,,,,,,,,,,,,,,,ww,retrieval_30min,2026-03-24_12h15.32.218,retrieval_30min,,2025.1.1,99.98850132354767,2026-03-24 12h15.35.469366 +0530,
A house for wheels,PARKINGLOT,old,yes,55,55,0,,,,,,,,,,,,,,"no
",return,2.222344300003897,None,n,0.21320610000111628,None,None,None,,,,,,,,,0,55,55,6,595.4855723000001,,,,,,,,,,,,,,,,,,,,,,,,,,,,,,,,,,,,,,,,,,,,,,,,,,,,,,,,,,,,595.4834390000033,595.9759900999998,595.9759900999998,595.9759900999998,598.2056062000047,"no
",return,2.222344300003897,None,598.2107675000007,598.7053952999995,598.7053952999995,598.9260768000022,n,0.21320610000111628,None,598.9261920999998,598.9262480000034,None,598.9263033000025,598.9263446000041,None,,,,,,,,,,,,,,,,ww,retrieval_30min,2026-03-24_12h15.32.218,retrieval_30min,,2025.1.1,99.98850132354767,2026-03-24 12h15.35.469366 +0530,
A book for faces,ALBUM,new,no,56,56,0,,,,,,,,,,,,,,"no
",return,2.02045299999736,None,n,0.29178809999575606,None,None,None,,,,,,,,,0,56,56,32,598.9365814000048,,,,,,,,,,,,,,,,,,,,,,,,,,,,,,,,,,,,,,,,,,,,,,,,,,,,,,,,,,,,598.9333167000004,599.4257947000006,599.4257947000006,599.4257947000006,601.4552345000047,"no
",return,2.02045299999736,None,601.4605974000006,601.9550315000015,601.9550315000015,602.255937300004,n,0.29178809999575606,None,602.2560679000017,602.2561254000029,None,602.256180299999,602.2562223000059,None,,,,,,,,,,,,,,,,ww,retrieval_30min,2026-03-24_12h15.32.218,retrieval_30min,,2025.1.1,99.98850132354767,2026-03-24 12h15.35.469366 +0530,
A wooden river,PLANK,old,yes,57,57,0,,,,,,,,,,,,,,"no
",return,5.259929799998645,None,n,0.2595230000006268,None,None,None,,,,,,,,,0,57,57,21,602.2649540999992,,,,,,,,,,,,,,,,,,,,,,,,,,,,,,,,,,,,,,,,,,,,,,,,,,,,,,,,,,,,602.2631855,602.7546901000023,602.7546901000023,602.7546901000023,608.0243965000045,"no
",return,5.259929799998645,None,608.0293282999992,608.5241380000007,608.5241380000007,608.7851298000023,n,0.2595230000006268,None,608.7852425000019,608.7852920000005,None,608.7853393000041,608.7853749999995,None,,,,,,,,,,,,,,,,ww,retrieval_30min,2026-03-24_12h15.32.218,retrieval_30min,,2025.1.1,99.98850132354767,2026-03-24 12h15.35.469366 +0530,
A flying door,WINDOW,old,yes,58,58,0,,,,,,,,,,,,,,"no
",return,2.7301239000007627,None,n,0.26708160000271164,None,None,None,,,,,,,,,0,58,58,7,608.7939146999997,,,,,,,,,,,,,,,,,,,,,,,,,,,,,,,,,,,,,,,,,,,,,,,,,,,,,,,,,,,,608.7902080000058,609.2840211000002,609.2840211000002,609.2840211000002,612.0239370000054,"no
",return,2.7301239000007627,None,612.0284491999992,612.5236181,612.5236181,612.793806200003,n,0.26708160000271164,None,612.7938513000045,612.7938699000006,None,612.7938878999994,612.7939017000026,None,,,,,,,,,,,,,,,,ww,retrieval_30min,2026-03-24_12h15.32.218,retrieval_30min,,2025.1.1,99.98850132354767,2026-03-24 12h15.35.469366 +0530,
A metal spider for paper,STAPLER,old,yes,59,59,0,,,,,,,,,,,,,,paperclip,return,5.216767300000356,None,n,0.4813168000036967,None,None,None,,,,,,,,,0,59,59,58,612.8035075000007,,,,,,,,,,,,,,,,,,,,,,,,,,,,,,,,,,,,,,,,,,,,,,,,,,,,,,,,,,,,612.7976185000007,613.2937588999994,613.2937588999994,613.2937588999994,618.5130084000048,paperclip,return,5.216767300000356,None,618.518259299999,619.0132539000042,619.0132539000042,619.5037589999993,n,0.4813168000036967,None,619.503839500001,619.5038787000012,None,619.5039118999994,619.5039369000006,None,,,,,,,,,,,,,,,,ww,retrieval_30min,2026-03-24_12h15.32.218,retrieval_30min,,2025.1.1,99.98850132354767,2026-03-24 12h15.35.469366 +0530,
A chair for babies,HIGHCHAIR,new,no,60,60,0,,,,,,,,,,,,,,no,return,2.236053599997831,None,n,0.14392130000487668,None,None,None,,,,,,,,,0,60,60,54,619.5128139000008,,,,,,,,,,,,,,,,,,,,,,,,,,,,,,,,,,,,,,,,,,,,,,,,,,,,,,,,,,,,619.5079962000018,620.002407,620.002407,620.002407,622.2426417000024,no,return,2.236053599997831,None,622.2477642000013,622.7424084000013,622.7424084000013,622.8928311999989,n,0.14392130000487668,None,622.8929267999993,622.8929707999996,None,622.8930163000041,622.8930502000003,None,,,,,,,,,,,,,,,,ww,retrieval_30min,2026-03-24_12h15.32.218,retrieval_30min,,2025.1.1,99.98850132354767,2026-03-24 12h15.35.469366 +0530,
A sugar snowstorm,POWDEREDSUGAR,new,no,61,61,0,,,,,,,,,,,,,,"no
",return,5.710457400004088,None,n,0.7715700999979163,None,None,None,,,,,,,,,0,61,61,26,622.9020167999988,,,,,,,,,,,,,,,,,,,,,,,,,,,,,,,,,,,,,,,,,,,,,,,,,,,,,,,,,,,,622.8977832000019,623.3919918000029,623.3919918000029,623.3919918000029,629.1117683000048,"no
",return,5.710457400004088,None,629.1168242999993,629.6116719999991,629.6116719999991,630.3921217000025,n,0.7715700999979163,None,630.3922084000005,630.3922473000057,None,630.3922867000001,630.3923157000027,None,,,,,,,,,,,,,,,,ww,retrieval_30min,2026-03-24_12h15.32.218,retrieval_30min,,2025.1.1,99.98850132354767,2026-03-24 12h15.35.469366 +0530,
A metal tongue for guitars,PICK,old,yes,62,62,0,,,,,,,,,,,,,,pick,return,4.243342000001576,None,y,1.0217324000041117,None,v,1,0.3961113000041223,None,0.28865719999885187,None,,,,,0,62,62,59,630.4011720000053,,,,,,,,,,,,,,,,,,,,,,,,,,,,,,,,,,,,,,,,,,,,,,,,,,,,,,,,,,,,630.3969393000007,630.8911851000012,630.8911851000012,630.8911851000012,635.1408836000046,pick,return,4.243342000001576,None,635.1462724000012,635.6407297000042,635.6407297000042,636.670786900002,y,1.0217324000041117,None,636.6708482000031,637.5711145000023,v,637.5712381000048,638.3609397000037,1,637.1705179000055,637.1705179000055,0.3961113000041223,None,638.0704130000013,638.0704130000013,0.28865719999885187,None,,,,,,,,ww,retrieval_30min,2026-03-24_12h15.32.218,retrieval_30min,,2025.1.1,99.98850132354767,2026-03-24 12h15.35.469366 +0530,
A pocket thunderbolt,BATTERY,old,yes,63,63,0,,,,,,,,,,,,,,flash,return,3.466293899997254,None,y,0.8331713000006857,None,v,1,0.8293090000006487,None,1.2831513000055565,None,,,,,0,63,63,23,638.3703773000016,,,,,,,,,,,,,,,,,,,,,,,,,,,,,,,,,,,,,,,,,,,,,,,,,,,,,,,,,,,,638.3683546000029,638.8600120000046,638.8600120000046,638.8600120000046,642.3300044999996,flash,return,3.466293899997254,None,642.335399399999,642.8295653000023,642.8295653000023,643.6704151000013,y,0.8331713000006857,None,643.6705443000028,645.0001183999993,v,645.000243100003,646.7899763000023,1,644.1695085000028,644.1695085000028,0.8293090000006487,None,645.4994768000033,645.4994768000033,1.2831513000055565,None,,,,,,,,ww,retrieval_30min,2026-03-24_12h15.32.218,retrieval_30min,,2025.1.1,99.98850132354767,2026-03-24 12h15.35.469366 +0530,
A rainbow bridge for cars,OVERPASS,old,yes,64,64,0,,,,,,,,,,,,,,no,return,2.9977557999955025,None,n,0.48170160000154283,None,None,None,,,,,,,,,0,64,64,16,646.7991364000045,,,,,,,,,,,,,,,,,,,,,,,,,,,,,,,,,,,,,,,,,,,,,,,,,,,,,,,,,,,,646.7955541000047,647.2889919000008,647.2889919000008,647.2889919000008,650.2890994000045,no,return,2.9977557999955025,None,650.2940772000002,650.7888231000034,650.7888231000034,651.2792803000048,n,0.48170160000154283,None,651.2794301000031,651.2794953000048,None,651.2795563000036,651.2796038000015,None,,,,,,,,,,,,,,,,ww,retrieval_30min,2026-03-24_12h15.32.218,retrieval_30min,,2025.1.1,99.98850132354767,2026-03-24 12h15.35.469366 +0530,
A metal handshake for roads,INTERSECTION,new,no,65,65,0,,,,,,,,,,,,,,no,return,4.387677200000326,None,n,0.3626153000004706,None,None,None,,,,,,,,,0,65,65,25,651.2893230000045,,,,,,,,,,,,,,,,,,,,,,,,,,,,,,,,,,,,,,,,,,,,,,,,,,,,,,,,,,,,651.2870385999995,651.7789889000051,651.7789889000051,651.7789889000051,656.1683053000015,no,return,4.387677200000326,None,656.1736967000033,656.6679810999995,656.6679810999995,657.0384176000007,n,0.3626153000004706,None,657.0385970999996,657.0386874000033,None,657.0387476000033,657.038792600004,None,,,,,,,,,,,,,,,,ww,retrieval_30min,2026-03-24_12h15.32.218,retrieval_30min,,2025.1.1,99.98850132354767,2026-03-24 12h15.35.469366 +0530,
A silent alarm for trees,LIGHTNING,new,no,66,66,0,,,,,,,,,,,,,,no,return,2.0768147999988287,None,n,0.09699609999370296,None,None,None,,,,,,,,,0,66,66,38,657.0485420000041,,,,,,,,,,,,,,,,,,,,,,,,,,,,,,,,,,,,,,,,,,,,,,,,,,,,,,,,,,,,657.0466156000039,657.537702900001,657.537702900001,657.537702900001,659.6178012000018,no,return,2.0768147999988287,None,659.6228827000014,660.1176205000011,660.1176205000011,660.2181817000019,n,0.09699609999370296,None,660.2183265999993,660.2183901000026,None,660.2184477000046,660.2184907000046,None,,,,,,,,,,,,,,,,ww,retrieval_30min,2026-03-24_12h15.32.218,retrieval_30min,,2025.1.1,99.98850132354767,2026-03-24 12h15.35.469366 +0530,
A metal heartbeat,ENGINE,new,no,67,67,0,,,,,,,,,,,,,,no,return,1.832971499999985,None,n,0.08534920000238344,None,None,None,,,,,,,,,0,67,67,0,660.2293570000038,,,,,,,,,,,,,,,,,,,,,,,,,,,,,,,,,,,,,,,,,,,,,,,,,,,,,,,,,,,,660.2269674000054,660.7172983000055,660.7172983000055,660.7172983000055,662.5574417000025,no,return,1.832971499999985,None,662.5623341000028,663.0573644000033,663.0573644000033,663.1482135000042,n,0.08534920000238344,None,663.1482962000009,663.148331700002,None,663.1483659000005,663.1483909000017,None,,,,,,,,,,,,,,,,ww,retrieval_30min,2026-03-24_12h15.32.218,retrieval_30min,,2025.1.1,99.98850132354767,2026-03-24 12h15.35.469366 +0530,
A paper forest,NEWSPAPER,old,yes,68,68,0,,,,,,,,,,,,,,"newspaper
",return,3.879548099997919,None,y,1.737886900002195,None,a,1,0.07446819999313448,None,1.173716000004788,None,,,,,0,68,68,68,663.1572396000047,,,,,,,,,,,,,,,,,,,,,,,,,,,,,,,,,,,,,,,,,,,,,,,,,,,,,,,,,,,,663.1525818000009,663.6469586000021,663.6469586000021,663.6469586000021,667.5368195000046,"newspaper
",return,3.879548099997919,None,667.5419842000047,668.0366444000028,668.0366444000028,669.7770037000009,y,1.737886900002195,None,669.7771090000024,670.3572029999996,a,670.357327800004,672.0368185000043,1,670.2762479000012,670.2762479000012,0.07446819999313448,None,670.8568010000017,670.8568010000017,1.173716000004788,None,,,,,,,,ww,retrieval_30min,2026-03-24_12h15.32.218,retrieval_30min,,2025.1.1,99.98850132354767,2026-03-24 12h15.35.469366 +0530,
A glass prison for fish,AQUARIUM,new,no,69,69,0,,,,,,,,,,,,,,no,return,4.15841619999992,None,n,0.9708266999950865,None,None,None,,,,,,,,,0,69,69,55,672.0458223000023,,,,,,,,,,,,,,,,,,,,,,,,,,,,,,,,,,,,,,,,,,,,,,,,,,,,,,,,,,,,672.0419210000036,672.5359711000056,672.5359711000056,672.5359711000056,676.6956829000046,no,return,4.15841619999992,None,676.7010645000046,677.1955711000046,677.1955711000046,678.176132200002,n,0.9708266999950865,None,678.1762381000008,678.1762856000059,None,678.176330000002,678.1763618000041,None,,,,,,,,,,,,,,,,ww,retrieval_30min,2026-03-24_12h15.32.218,retrieval_30min,,2025.1.1,99.98850132354767,2026-03-24 12h15.35.469366 +0530,
A metal river snake,PIPE,old,yes,70,70,0,,,,,,,,,,,,,,don't remember,return,24.1313278000016,None,y,1.470632199998363,None,v,2,4.466560200002277,None,1.1449658999990788,None,,,,,0,70,70,20,678.1851739000049,,,,,,,,,,,,,,,,,,,,,,,,,,,,,,,,,,,,,,,,,,,,,,,,,,,,,,,,,,,,678.183623500001,678.6750960999998,678.6750960999998,678.6750960999998,702.8124932999999,don't remember,return,24.1313278000016,None,702.8178202999989,703.3122657000058,703.3122657000058,704.7923369000055,y,1.470632199998363,None,704.7924392999994,709.7623477000016,v,709.762450400005,711.411689600005,2,705.2923184000028,705.2923184000028,4.466560200002277,None,710.261427700003,710.261427700003,1.1449658999990788,None,,,,,,,,ww,retrieval_30min,2026-03-24_12h15.32.218,retrieval_30min,,2025.1.1,99.98850132354767,2026-03-24 12h15.35.469366 +0530,
A portable thundercloud,DRUM,old,yes,71,71,0,,,,,,,,,,,,,,"no
",return,3.791277899996203,None,n,0.3642069999987143,None,None,None,,,,,,,,,0,71,71,34,711.4208323999992,,,,,,,,,,,,,,,,,,,,,,,,,,,,,,,,,,,,,,,,,,,,,,,,,,,,,,,,,,,,711.4169148000001,711.9109495000012,711.9109495000012,711.9109495000012,715.7107421000037,"no
",return,3.791277899996203,None,715.7159893999997,716.2108724999998,716.2108724999998,716.5810936999987,n,0.3642069999987143,None,716.5811904000002,716.5812370000058,None,716.5812837000049,716.5813147000008,None,,,,,,,,,,,,,,,,ww,retrieval_30min,2026-03-24_12h15.32.218,retrieval_30min,,2025.1.1,99.98850132354767,2026-03-24 12h15.35.469366 +0530,
,,,,,,,,,,,,,,,,,,,,,,,,,,,,,,,,,,,,,,,,,,,,,,,,,,,,,,,,,,,,,,,,,,,,,,,,,,,,,,,,,,,,,,,,,,,,,,,,,,,,,,,,,,,,,,,,,,,,,,,,,,,,,,,,,,,716.5814845000059,716.5904367000039,716.5904367000039,717.7611060000054,space,1.1606048999965424,None,ww,retrieval_30min,2026-03-24_12h15.32.218,retrieval_30min,,2025.1.1,99.98850132354767,2026-03-24 12h15.35.469366 +0530,
